{
  "measured": {
    "raw_max_deg": 1.540657639503479,
    "raw_p50_deg": 0.9034148454666138,
    "raw_p95_deg": 1.2765623331069946,
    "saturation_fraction": 0.01959228515625
  },
  "missing_inputs": [],
  "notes": [],
  "pass": true,
  "schema_missing_keys": [],
  "schema_ok": true,
  "thresholds": {
    "raw_p95_deg_max": 25.0,
    "saturation_fraction_max": 0.1
  }
}
