{
  "measured": {
    "far": {
      "count": 15883,
      "max": 1.352483868598938,
      "p50": 0.6398022174835205,
      "p95": 1.0925320386886597,
      "pass": true
    },
    "mid": {
      "count": 34238,
      "max": 1.540657639503479,
      "p50": 0.9022228121757507,
      "p95": 1.2770220041275024,
      "pass": true
    },
    "near": {
      "count": 15415,
      "max": 1.3546525239944458,
      "p50": 1.004246711730957,
      "p95": 1.322194218635559,
      "pass": true
    },
    "overall_max": 1.540657639503479
  },
  "missing_inputs": [],
  "notes": [],
  "pass": true,
  "schema_missing_keys": [],
  "schema_ok": true,
  "thresholds": {
    "far": {
      "max_max": 12.0,
      "p95_max": 4.0
    },
    "mid": {
      "max_max": 8.0,
      "p95_max": 2.5
    },
    "near": {
      "max_max": 5.0,
      "p95_max": 1.5
    }
  }
}
