{
  "measured": {
    "hf_energy": {
      "mode0": 0.0018478177953511477,
      "mode23": 0.0007909077685326338,
      "mode24": 0.0015880216378718615
    },
    "ratios": {
      "mode23_vs_mode0": 0.42802259536759935,
      "mode24_vs_mode0": 0.8594038015366574
    }
  },
  "missing_inputs": [],
  "notes": [],
  "pass": false,
  "schema_missing_keys": [],
  "schema_ok": true,
  "thresholds": {
    "hf_energy_ratio_23": 0.7,
    "hf_energy_ratio_24": 0.85,
    "hf_order": "mode23 < mode24"
  }
}
