{
  "metrics": {
    "lap_p95_mode0": 0.38531559705734253,
    "lap_p95_mode23": 0.08514189720153809,
    "lap_p95_mode24": 0.0,
    "lap_max_mode0": 1.4881067276000977,
    "lap_max_mode23": 0.35489654541015625,
    "lap_max_mode24": 0.04926588386297226,
    "ratio_mode23": 4.5255697808244495,
    "ratio_mode24": 385315.59705734253,
    "max_reduction_mode23": 0.23848863715743407,
    "max_reduction_mode24": 0.03310641834300718
  },
  "thresholds": {
    "ratio_min": 3.0,
    "max_reduction_max": 0.35
  }
}