Fast Contract	Run focused CENSOR truth contracts	﻿2026-09-30T21:51:41.2214748Z ##[group]Run python scripts/ci_pytest_lane.py --profile fast -v --tb=short
Fast Contract	Run focused CENSOR truth contracts	2026-09-30T21:51:41.2215259Z [36;1mpython scripts/ci_pytest_lane.py --profile fast -v --tb=short[0m
Fast Contract	Run focused CENSOR truth contracts	2026-09-30T21:51:41.2251911Z shell: /usr/bin/bash -e {0}
Fast Contract	Run focused CENSOR truth contracts	2026-09-30T21:51:41.2252178Z env:
Fast Contract	Run focused CENSOR truth contracts	2026-09-30T21:51:41.2252380Z   CARGO_TERM_COLOR: always
Fast Contract	Run focused CENSOR truth contracts	2026-09-30T21:51:41.2252608Z   RUST_BACKTRACE: 1
Fast Contract	Run focused CENSOR truth contracts	2026-09-30T21:51:41.2252884Z   pythonLocation: /opt/hostedtoolcache/Python/3.11.16/x64
Fast Contract	Run focused CENSOR truth contracts	2026-09-30T21:51:41.2253455Z   PKG_CONFIG_PATH: /opt/hostedtoolcache/Python/3.11.16/x64/lib/pkgconfig
Fast Contract	Run focused CENSOR truth contracts	2026-09-30T21:51:41.2253865Z   Python_ROOT_DIR: /opt/hostedtoolcache/Python/3.11.16/x64
Fast Contract	Run focused CENSOR truth contracts	2026-09-30T21:51:41.2254232Z   Python2_ROOT_DIR: /opt/hostedtoolcache/Python/3.11.16/x64
Fast Contract	Run focused CENSOR truth contracts	2026-09-30T21:51:41.2254593Z   Python3_ROOT_DIR: /opt/hostedtoolcache/Python/3.11.16/x64
Fast Contract	Run focused CENSOR truth contracts	2026-09-30T21:51:41.2254957Z   LD_LIBRARY_PATH: /opt/hostedtoolcache/Python/3.11.16/x64/lib
Fast Contract	Run focused CENSOR truth contracts	2026-09-30T21:51:41.2255279Z   CARGO_HOME: /home/runner/.cargo
Fast Contract	Run focused CENSOR truth contracts	2026-09-30T21:51:41.2255520Z   CARGO_INCREMENTAL: 0
Fast Contract	Run focused CENSOR truth contracts	2026-09-30T21:51:41.2255785Z   FORGE3D_NO_BOOTSTRAP: 1
Fast Contract	Run focused CENSOR truth contracts	2026-09-30T21:51:41.2256216Z ##[endgroup]
Fast Contract	Run focused CENSOR truth contracts	2026-09-30T21:51:41.6644005Z ============================= test session starts ==============================
Fast Contract	Run focused CENSOR truth contracts	2026-09-30T21:51:41.6644996Z platform linux -- Python 3.11.16, pytest-9.1.1, pluggy-1.6.0 -- /home/runner/work/forge3d/forge3d/.venv/bin/python
Fast Contract	Run focused CENSOR truth contracts	2026-09-30T21:51:41.6645579Z cachedir: .pytest_cache
Fast Contract	Run focused CENSOR truth contracts	2026-09-30T21:51:41.6646123Z rootdir: /home/runner/work/forge3d/forge3d
Fast Contract	Run focused CENSOR truth contracts	2026-09-30T21:51:41.6646577Z configfile: pytest.ini
Fast Contract	Run focused CENSOR truth contracts	2026-09-30T21:51:43.8151508Z collecting ... collected 616 items / 1 deselected / 615 selected
Fast Contract	Run focused CENSOR truth contracts	2026-09-30T21:51:43.8151999Z 
Fast Contract	Run focused CENSOR truth contracts	2026-09-30T21:51:43.8182170Z tests/test_aether_acceptance_evidence.py::test_summary_binds_clean_thresholds_adapter_and_exact_head PASSED [  0%]
Fast Contract	Run focused CENSOR truth contracts	2026-09-30T21:51:43.8199460Z tests/test_aether_acceptance_evidence.py::test_summary_rejects_unproven_adapter[<lambda>-software fallback] PASSED [  0%]
Fast Contract	Run focused CENSOR truth contracts	2026-09-30T21:51:43.8216677Z tests/test_aether_acceptance_evidence.py::test_summary_rejects_unproven_adapter[<lambda>-did not pass] PASSED [  0%]
Fast Contract	Run focused CENSOR truth contracts	2026-09-30T21:51:43.8236251Z tests/test_aether_acceptance_evidence.py::test_summary_rejects_threshold_failure[delta_e_sweep-value0-below 2] PASSED [  0%]
Fast Contract	Run focused CENSOR truth contracts	2026-09-30T21:51:43.8256482Z tests/test_aether_acceptance_evidence.py::test_summary_rejects_threshold_failure[saturation_falloff-value1-exceeds 10] PASSED [  0%]
Fast Contract	Run focused CENSOR truth contracts	2026-09-30T21:51:43.8272047Z tests/test_aether_acceptance_evidence.py::test_summary_rejects_exact_head_mismatch_or_skip PASSED [  0%]
Fast Contract	Run focused CENSOR truth contracts	2026-09-30T21:51:43.8298603Z tests/test_aether_acceptance_evidence.py::test_summary_rejects_incomplete_sweep_or_missing_gate_case PASSED [  1%]
Fast Contract	Run focused CENSOR truth contracts	2026-09-30T21:51:43.8327264Z tests/test_aether_acceptance_evidence.py::test_summary_recomputes_saturation_and_requires_schema PASSED [  1%]
Fast Contract	Run focused CENSOR truth contracts	2026-09-30T21:51:43.8343865Z tests/test_aether_acceptance_evidence.py::test_summary_rejects_vacuous_saturation_falloff PASSED [  1%]
Fast Contract	Run focused CENSOR truth contracts	2026-09-30T21:51:43.8354461Z tests/test_aether_acceptance_evidence.py::test_workflow_retains_exact_head_aether_evidence PASSED [  1%]
Fast Contract	Run focused CENSOR truth contracts	2026-09-30T21:51:47.2318443Z tests/test_nephele_evidence_report.py::test_report_recomputes_all_six_gates_from_bound_evidence PASSED [  1%]
Fast Contract	Run focused CENSOR truth contracts	2026-09-30T21:51:48.5931695Z tests/test_nephele_evidence_report.py::test_capture_shaped_sun_diagnostics_interoperate_and_fail_closed PASSED [  1%]
Fast Contract	Run focused CENSOR truth contracts	2026-09-30T21:51:50.1664468Z tests/test_nephele_evidence_report.py::test_verifier_accepts_actual_generator_manifest_and_recorder_prefix_schema PASSED [  2%]
Fast Contract	Run focused CENSOR truth contracts	2026-09-30T21:51:51.5242403Z tests/test_nephele_evidence_report.py::test_generator_color_pipeline_schema_fails_closed[missing-color pipeline] PASSED [  2%]
Fast Contract	Run focused CENSOR truth contracts	2026-09-30T21:51:52.8859107Z tests/test_nephele_evidence_report.py::test_generator_color_pipeline_schema_fails_closed[extra-color pipeline] PASSED [  2%]
Fast Contract	Run focused CENSOR truth contracts	2026-09-30T21:51:54.2441207Z tests/test_nephele_evidence_report.py::test_generator_color_pipeline_schema_fails_closed[literal-color pipeline] PASSED [  2%]
Fast Contract	Run focused CENSOR truth contracts	2026-09-30T21:51:55.6597098Z tests/test_nephele_evidence_report.py::test_generator_color_pipeline_schema_fails_closed[provenance-not bound] PASSED [  2%]
Fast Contract	Run focused CENSOR truth contracts	2026-09-30T21:51:59.0098988Z tests/test_nephele_evidence_report.py::test_windows_runner_arch_x64_matches_unmasked_amd64_platform PASSED [  2%]
Fast Contract	Run focused CENSOR truth contracts	2026-09-30T21:52:02.3662781Z tests/test_nephele_evidence_report.py::test_reference_prefix_identity_is_independent_of_worker_count PASSED [  3%]
Fast Contract	Run focused CENSOR truth contracts	2026-09-30T21:52:05.6897407Z tests/test_nephele_evidence_report.py::test_gate6_rejects_camera_or_shared_presentation_tampering[camera] PASSED [  3%]
Fast Contract	Run focused CENSOR truth contracts	2026-09-30T21:52:08.9923944Z tests/test_nephele_evidence_report.py::test_gate6_rejects_camera_or_shared_presentation_tampering[presentation] PASSED [  3%]
Fast Contract	Run focused CENSOR truth contracts	2026-09-30T21:52:12.3489546Z tests/test_nephele_evidence_report.py::test_gate6_rejects_camera_or_shared_presentation_tampering[no-medium-hash] PASSED [  3%]
Fast Contract	Run focused CENSOR truth contracts	2026-09-30T21:52:15.6623647Z tests/test_nephele_evidence_report.py::test_gate6_rejects_step_and_readback_accounting_tampering[step-mismatch] PASSED [  3%]
Fast Contract	Run focused CENSOR truth contracts	2026-09-30T21:52:18.9655471Z tests/test_nephele_evidence_report.py::test_gate6_rejects_step_and_readback_accounting_tampering[fractional-step] PASSED [  3%]
Fast Contract	Run focused CENSOR truth contracts	2026-09-30T21:52:22.2691721Z tests/test_nephele_evidence_report.py::test_gate6_rejects_step_and_readback_accounting_tampering[readback-bytes] PASSED [  4%]
Fast Contract	Run focused CENSOR truth contracts	2026-09-30T21:52:25.6396297Z tests/test_nephele_evidence_report.py::test_gate6_rejects_step_and_readback_accounting_tampering[conditional-readback] PASSED [  4%]
Fast Contract	Run focused CENSOR truth contracts	2026-09-30T21:52:28.9961892Z tests/test_nephele_evidence_report.py::test_gate6_rejects_step_and_readback_accounting_tampering[integration-steps] PASSED [  4%]
Fast Contract	Run focused CENSOR truth contracts	2026-09-30T21:52:32.3381111Z tests/test_nephele_evidence_report.py::test_gate6_rejects_step_and_readback_accounting_tampering[fractional-termination] PASSED [  4%]
Fast Contract	Run focused CENSOR truth contracts	2026-09-30T21:52:35.6674992Z tests/test_nephele_evidence_report.py::test_gate6_rejects_step_and_readback_accounting_tampering[energy-missing] PASSED [  4%]
Fast Contract	Run focused CENSOR truth contracts	2026-09-30T21:52:39.0245586Z tests/test_nephele_evidence_report.py::test_gate6_rejects_step_and_readback_accounting_tampering[energy-nonfinite] PASSED [  4%]
Fast Contract	Run focused CENSOR truth contracts	2026-09-30T21:52:42.3733501Z tests/test_nephele_evidence_report.py::test_gate6_rejects_step_and_readback_accounting_tampering[energy-negative] PASSED [  5%]
Fast Contract	Run focused CENSOR truth contracts	2026-09-30T21:52:45.7422705Z tests/test_nephele_evidence_report.py::test_gate6_rejects_step_and_readback_accounting_tampering[energy-string] PASSED [  5%]
Fast Contract	Run focused CENSOR truth contracts	2026-09-30T21:52:49.1063592Z tests/test_nephele_evidence_report.py::test_gate6_rejects_step_and_readback_accounting_tampering[energy-bool] PASSED [  5%]
Fast Contract	Run focused CENSOR truth contracts	2026-09-30T21:52:52.4405335Z tests/test_nephele_evidence_report.py::test_gate6_rejects_step_and_readback_accounting_tampering[single-string] PASSED [  5%]
Fast Contract	Run focused CENSOR truth contracts	2026-09-30T21:52:55.7744076Z tests/test_nephele_evidence_report.py::test_gate6_rejects_step_and_readback_accounting_tampering[multiple-bool] PASSED [  5%]
Fast Contract	Run focused CENSOR truth contracts	2026-09-30T21:52:55.7752487Z tests/test_nephele_evidence_report.py::test_capture_uses_same_acceptance_call_for_medium_disabled_presentation PASSED [  5%]
Fast Contract	Run focused CENSOR truth contracts	2026-09-30T21:52:55.7759556Z tests/test_nephele_evidence_report.py::test_reference_binding_exposes_exact_terrain_classification_arrays PASSED [  6%]
Fast Contract	Run focused CENSOR truth contracts	2026-09-30T21:52:57.2194104Z tests/test_nephele_evidence_report.py::test_reference_provenance_and_convergence_tampering_fails_closed[assembled] PASSED [  6%]
Fast Contract	Run focused CENSOR truth contracts	2026-09-30T21:52:58.7481344Z tests/test_nephele_evidence_report.py::test_reference_provenance_and_convergence_tampering_fails_closed[metric] PASSED [  6%]
Fast Contract	Run focused CENSOR truth contracts	2026-09-30T21:53:00.1437769Z tests/test_nephele_evidence_report.py::test_reference_provenance_and_convergence_tampering_fails_closed[prefix] PASSED [  6%]
Fast Contract	Run focused CENSOR truth contracts	2026-09-30T21:53:01.5509998Z tests/test_nephele_evidence_report.py::test_reference_provenance_and_convergence_tampering_fails_closed[sample-identity] PASSED [  6%]
Fast Contract	Run focused CENSOR truth contracts	2026-09-30T21:53:02.9528743Z tests/test_nephele_evidence_report.py::test_reference_provenance_and_convergence_tampering_fails_closed[spatial-tiles] PASSED [  6%]
Fast Contract	Run focused CENSOR truth contracts	2026-09-30T21:53:04.3624497Z tests/test_nephele_evidence_report.py::test_reference_provenance_and_convergence_tampering_fails_closed[runtime-partition] PASSED [  6%]
Fast Contract	Run focused CENSOR truth contracts	2026-09-30T21:53:05.8820675Z tests/test_nephele_evidence_report.py::test_reference_provenance_and_convergence_tampering_fails_closed[classification] PASSED [  7%]
Fast Contract	Run focused CENSOR truth contracts	2026-09-30T21:53:07.2852669Z tests/test_nephele_evidence_report.py::test_reference_provenance_and_convergence_tampering_fails_closed[scene] PASSED [  7%]
Fast Contract	Run focused CENSOR truth contracts	2026-09-30T21:53:08.7820219Z tests/test_nephele_evidence_report.py::test_reference_provenance_and_convergence_tampering_fails_closed[camera] PASSED [  7%]
Fast Contract	Run focused CENSOR truth contracts	2026-09-30T21:53:10.1898336Z tests/test_nephele_evidence_report.py::test_reference_provenance_and_convergence_tampering_fails_closed[native-runtime] PASSED [  7%]
Fast Contract	Run focused CENSOR truth contracts	2026-09-30T21:53:11.5981034Z tests/test_nephele_evidence_report.py::test_reference_provenance_and_convergence_tampering_fails_closed[eligibility] PASSED [  7%]
Fast Contract	Run focused CENSOR truth contracts	2026-09-30T21:53:13.0513098Z tests/test_nephele_evidence_report.py::test_reference_provenance_and_convergence_tampering_fails_closed[diagnostics] PASSED [  7%]
Fast Contract	Run focused CENSOR truth contracts	2026-09-30T21:53:14.4479798Z tests/test_nephele_evidence_report.py::test_reference_provenance_and_convergence_tampering_fails_closed[unresolved] PASSED [  8%]
Fast Contract	Run focused CENSOR truth contracts	2026-09-30T21:53:15.8442007Z tests/test_nephele_evidence_report.py::test_reference_provenance_and_convergence_tampering_fails_closed[arbitrary] PASSED [  8%]
Fast Contract	Run focused CENSOR truth contracts	2026-09-30T21:53:17.2971911Z tests/test_nephele_evidence_report.py::test_reference_provenance_and_convergence_tampering_fails_closed[diagnostics-host] PASSED [  8%]
Fast Contract	Run focused CENSOR truth contracts	2026-09-30T21:53:18.7520988Z tests/test_nephele_evidence_report.py::test_reference_provenance_and_convergence_tampering_fails_closed[diagnostics-temporal] PASSED [  8%]
Fast Contract	Run focused CENSOR truth contracts	2026-09-30T21:53:20.1997110Z tests/test_nephele_evidence_report.py::test_reference_provenance_and_convergence_tampering_fails_closed[diagnostics-device] PASSED [  8%]
Fast Contract	Run focused CENSOR truth contracts	2026-09-30T21:53:21.6890859Z tests/test_nephele_evidence_report.py::test_reference_provenance_and_convergence_tampering_fails_closed[diagnostics-adapter] PASSED [  8%]
Fast Contract	Run focused CENSOR truth contracts	2026-09-30T21:53:23.1793733Z tests/test_nephele_evidence_report.py::test_reference_provenance_and_convergence_tampering_fails_closed[diagnostics-driver] PASSED [  9%]
Fast Contract	Run focused CENSOR truth contracts	2026-09-30T21:53:24.6276207Z tests/test_nephele_evidence_report.py::test_reference_provenance_and_convergence_tampering_fails_closed[diagnostics-proof] PASSED [  9%]
Fast Contract	Run focused CENSOR truth contracts	2026-09-30T21:53:26.0742537Z tests/test_nephele_evidence_report.py::test_reference_provenance_and_convergence_tampering_fails_closed[diagnostics-step] PASSED [  9%]
Fast Contract	Run focused CENSOR truth contracts	2026-09-30T21:53:27.5324522Z tests/test_nephele_evidence_report.py::test_reference_provenance_and_convergence_tampering_fails_closed[diagnostics-multi] PASSED [  9%]
Fast Contract	Run focused CENSOR truth contracts	2026-09-30T21:53:28.9778231Z tests/test_nephele_evidence_report.py::test_reference_provenance_and_convergence_tampering_fails_closed[diagnostics-luminance] PASSED [  9%]
Fast Contract	Run focused CENSOR truth contracts	2026-09-30T21:53:30.4250359Z tests/test_nephele_evidence_report.py::test_reference_provenance_and_convergence_tampering_fails_closed[diagnostics-energy] PASSED [  9%]
Fast Contract	Run focused CENSOR truth contracts	2026-09-30T21:53:31.8466344Z tests/test_nephele_evidence_report.py::test_reference_module_hash_binds_query_shader_bytes PASSED [ 10%]
Fast Contract	Run focused CENSOR truth contracts	2026-09-30T21:53:33.3745819Z tests/test_nephele_evidence_report.py::test_gate2_rejects_tautological_per_sample_closure PASSED [ 10%]
Fast Contract	Run focused CENSOR truth contracts	2026-09-30T21:53:34.9562349Z tests/test_nephele_evidence_report.py::test_gate2_rejects_fractional_non_analog_outcomes PASSED [ 10%]
Fast Contract	Run focused CENSOR truth contracts	2026-09-30T21:53:36.3393288Z tests/test_nephele_evidence_report.py::test_gate2_rejects_unbound_homogeneous_medium_identity PASSED [ 10%]
Fast Contract	Run focused CENSOR truth contracts	2026-09-30T21:53:37.7212211Z tests/test_nephele_evidence_report.py::test_rejects_self_attested_repository_and_lane_identity[head] PASSED [ 10%]
Fast Contract	Run focused CENSOR truth contracts	2026-09-30T21:53:39.1049640Z tests/test_nephele_evidence_report.py::test_rejects_self_attested_repository_and_lane_identity[dirty] PASSED [ 10%]
Fast Contract	Run focused CENSOR truth contracts	2026-09-30T21:53:40.4812978Z tests/test_nephele_evidence_report.py::test_rejects_self_attested_repository_and_lane_identity[os] PASSED [ 11%]
Fast Contract	Run focused CENSOR truth contracts	2026-09-30T21:53:41.8599346Z tests/test_nephele_evidence_report.py::test_rejects_self_attested_repository_and_lane_identity[lane] PASSED [ 11%]
Fast Contract	Run focused CENSOR truth contracts	2026-09-30T21:53:43.2486781Z tests/test_nephele_evidence_report.py::test_rejects_fake_wheel_or_unrelated_native_bytes[fake-wheel] PASSED [ 11%]
Fast Contract	Run focused CENSOR truth contracts	2026-09-30T21:53:44.6380849Z tests/test_nephele_evidence_report.py::test_rejects_fake_wheel_or_unrelated_native_bytes[wrong-member] PASSED [ 11%]
Fast Contract	Run focused CENSOR truth contracts	2026-09-30T21:53:46.0332953Z tests/test_nephele_evidence_report.py::test_rejects_fake_wheel_or_unrelated_native_bytes[wrong-installed] PASSED [ 11%]
Fast Contract	Run focused CENSOR truth contracts	2026-09-30T21:53:47.4354077Z tests/test_nephele_evidence_report.py::test_reference_runtime_requires_retained_wheel_and_native_bytes[wheel] PASSED [ 11%]
Fast Contract	Run focused CENSOR truth contracts	2026-09-30T21:53:48.8346593Z tests/test_nephele_evidence_report.py::test_reference_runtime_requires_retained_wheel_and_native_bytes[member] PASSED [ 12%]
Fast Contract	Run focused CENSOR truth contracts	2026-09-30T21:53:50.2287319Z tests/test_nephele_evidence_report.py::test_reference_runtime_requires_retained_wheel_and_native_bytes[native] PASSED [ 12%]
Fast Contract	Run focused CENSOR truth contracts	2026-09-30T21:53:50.2311861Z tests/test_nephele_evidence_report.py::test_capture_reference_wheel_seam_recomputes_exact_bytes PASSED [ 12%]
Fast Contract	Run focused CENSOR truth contracts	2026-09-30T21:53:51.6116218Z tests/test_nephele_evidence_report.py::test_rejects_unmeaningful_or_nonphysical_adapter[vendor-1] PASSED [ 12%]
Fast Contract	Run focused CENSOR truth contracts	2026-09-30T21:53:52.9894108Z tests/test_nephele_evidence_report.py::test_rejects_unmeaningful_or_nonphysical_adapter[device_type-VirtualGpu] PASSED [ 12%]
Fast Contract	Run focused CENSOR truth contracts	2026-09-30T21:53:54.3704670Z tests/test_nephele_evidence_report.py::test_rejects_unmeaningful_or_nonphysical_adapter[driver-] PASSED [ 12%]
Fast Contract	Run focused CENSOR truth contracts	2026-09-30T21:53:55.7576967Z tests/test_nephele_evidence_report.py::test_rejects_unmeaningful_or_nonphysical_adapter[name-NVIDIA Paravirtual GPU] PASSED [ 13%]
Fast Contract	Run focused CENSOR truth contracts	2026-09-30T21:53:57.1461288Z tests/test_nephele_evidence_report.py::test_windows_nvidia_vulkan_lane_rejects_dx12_everywhere[context] PASSED [ 13%]
Fast Contract	Run focused CENSOR truth contracts	2026-09-30T21:53:58.5342924Z tests/test_nephele_evidence_report.py::test_windows_nvidia_vulkan_lane_rejects_dx12_everywhere[requested] PASSED [ 13%]
Fast Contract	Run focused CENSOR truth contracts	2026-09-30T21:53:59.9158773Z tests/test_nephele_evidence_report.py::test_windows_nvidia_vulkan_lane_rejects_dx12_everywhere[probe] PASSED [ 13%]
Fast Contract	Run focused CENSOR truth contracts	2026-09-30T21:54:03.2584007Z tests/test_nephele_evidence_report.py::test_windows_nvidia_vulkan_lane_rejects_dx12_everywhere[run-a] PASSED [ 13%]
Fast Contract	Run focused CENSOR truth contracts	2026-09-30T21:54:06.5795662Z tests/test_nephele_evidence_report.py::test_windows_nvidia_vulkan_lane_rejects_dx12_everywhere[run-b] PASSED [ 13%]
Fast Contract	Run focused CENSOR truth contracts	2026-09-30T21:54:07.9557498Z tests/test_nephele_evidence_report.py::test_mask_generator_rejects_nonreference_role_sources[cloud_shadow_mask] PASSED [ 13%]
Fast Contract	Run focused CENSOR truth contracts	2026-09-30T21:54:09.3314144Z tests/test_nephele_evidence_report.py::test_mask_generator_rejects_nonreference_role_sources[godray_roi_mask] PASSED [ 14%]
Fast Contract	Run focused CENSOR truth contracts	2026-09-30T21:54:10.7137457Z tests/test_nephele_evidence_report.py::test_mask_generator_rejects_nonreference_role_sources[shaft_mask] PASSED [ 14%]
Fast Contract	Run focused CENSOR truth contracts	2026-09-30T21:54:12.0951791Z tests/test_nephele_evidence_report.py::test_mask_generator_rejects_nonreference_role_sources[sky_cloud_mask] PASSED [ 14%]
Fast Contract	Run focused CENSOR truth contracts	2026-09-30T21:54:13.4782050Z tests/test_nephele_evidence_report.py::test_mask_generator_rejects_nonreference_role_sources[terrain_mask] PASSED [ 14%]
Fast Contract	Run focused CENSOR truth contracts	2026-09-30T21:54:14.8740230Z tests/test_nephele_evidence_report.py::test_rejects_untracked_fixture_blob_and_regenerated_mask_mismatch PASSED [ 14%]
Fast Contract	Run focused CENSOR truth contracts	2026-09-30T21:54:16.2544827Z tests/test_nephele_evidence_report.py::test_rejects_nonexistent_fixture_commit_even_when_json_claims_it PASSED [ 14%]
Fast Contract	Run focused CENSOR truth contracts	2026-09-30T21:54:17.6362545Z tests/test_nephele_evidence_report.py::test_rejects_self_selected_installed_path_even_with_matching_bytes PASSED [ 15%]
Fast Contract	Run focused CENSOR truth contracts	2026-09-30T21:54:19.2553170Z tests/test_nephele_evidence_report.py::test_rejects_impossible_accumulator_seed_or_cached_comparator[support] PASSED [ 15%]
Fast Contract	Run focused CENSOR truth contracts	2026-09-30T21:54:20.8640850Z tests/test_nephele_evidence_report.py::test_rejects_impossible_accumulator_seed_or_cached_comparator[seed] PASSED [ 15%]
Fast Contract	Run focused CENSOR truth contracts	2026-09-30T21:54:22.4924035Z tests/test_nephele_evidence_report.py::test_rejects_impossible_accumulator_seed_or_cached_comparator[cache] PASSED [ 15%]
Fast Contract	Run focused CENSOR truth contracts	2026-09-30T21:54:24.1561705Z tests/test_nephele_evidence_report.py::test_rejects_unbound_comparator_or_incomplete_majorant_domain[comparator-tool] PASSED [ 15%]
Fast Contract	Run focused CENSOR truth contracts	2026-09-30T21:54:25.7910335Z tests/test_nephele_evidence_report.py::test_rejects_unbound_comparator_or_incomplete_majorant_domain[medium] PASSED [ 15%]
Fast Contract	Run focused CENSOR truth contracts	2026-09-30T21:54:27.4251970Z tests/test_nephele_evidence_report.py::test_rejects_unbound_comparator_or_incomplete_majorant_domain[comparator-representation] PASSED [ 16%]
Fast Contract	Run focused CENSOR truth contracts	2026-09-30T21:54:29.4829415Z tests/test_nephele_evidence_report.py::test_rejects_unbound_comparator_or_incomplete_majorant_domain[domain] PASSED [ 16%]
Fast Contract	Run focused CENSOR truth contracts	2026-09-30T21:54:31.5678826Z tests/test_nephele_evidence_report.py::test_rejects_unbound_comparator_or_incomplete_majorant_domain[boundary-count] PASSED [ 16%]
Fast Contract	Run focused CENSOR truth contracts	2026-09-30T21:54:33.6020825Z tests/test_nephele_evidence_report.py::test_rejects_unbound_comparator_or_incomplete_majorant_domain[domain-tool] PASSED [ 16%]
Fast Contract	Run focused CENSOR truth contracts	2026-09-30T21:54:33.6032197Z tests/test_nephele_evidence_report.py::test_transported_medium_tampering_fails_closed[f16-hash] PASSED [ 16%]
Fast Contract	Run focused CENSOR truth contracts	2026-09-30T21:54:33.6041121Z tests/test_nephele_evidence_report.py::test_transported_medium_tampering_fails_closed[endpoint-sampling] PASSED [ 16%]
Fast Contract	Run focused CENSOR truth contracts	2026-09-30T21:54:33.6070317Z tests/test_nephele_evidence_report.py::test_transported_medium_tampering_fails_closed[n-minus-one-cells] PASSED [ 17%]
Fast Contract	Run focused CENSOR truth contracts	2026-09-30T21:54:33.6078692Z tests/test_nephele_evidence_report.py::test_transported_medium_tampering_fails_closed[sigma-metadata] PASSED [ 17%]
Fast Contract	Run focused CENSOR truth contracts	2026-09-30T21:54:39.6845203Z tests/test_nephele_evidence_report.py::test_rr_allows_contributions_above_one_but_rejects_negative_samples PASSED [ 17%]
Fast Contract	Run focused CENSOR truth contracts	2026-09-30T21:54:43.0832641Z tests/test_nephele_evidence_report.py::test_rejects_lying_shader_summary_and_compute_reachable_compare PASSED [ 17%]
Fast Contract	Run focused CENSOR truth contracts	2026-09-30T21:54:44.4968214Z tests/test_nephele_evidence_report.py::test_shader_analyzer_covers_all_tracked_wgsl_and_embedded_rust[outside-shader-directory] PASSED [ 17%]
Fast Contract	Run focused CENSOR truth contracts	2026-09-30T21:54:45.9091354Z tests/test_nephele_evidence_report.py::test_shader_analyzer_covers_all_tracked_wgsl_and_embedded_rust[embedded-rust] PASSED [ 17%]
Fast Contract	Run focused CENSOR truth contracts	2026-09-30T21:54:47.3269732Z tests/test_nephele_evidence_report.py::test_shader_analyzer_rejects_unsafe_source_routed_through_wrapper PASSED [ 18%]
Fast Contract	Run focused CENSOR truth contracts	2026-09-30T21:54:50.7097792Z tests/test_nephele_evidence_report.py::test_rejects_copyable_or_unbound_clean_runs[same-process] PASSED [ 18%]
Fast Contract	Run focused CENSOR truth contracts	2026-09-30T21:54:54.0861232Z tests/test_nephele_evidence_report.py::test_rejects_copyable_or_unbound_clean_runs[wrong-input] PASSED [ 18%]
Fast Contract	Run focused CENSOR truth contracts	2026-09-30T21:54:57.4330423Z tests/test_nephele_evidence_report.py::test_rejects_copyable_or_unbound_clean_runs[wrong-adapter] PASSED [ 18%]
Fast Contract	Run focused CENSOR truth contracts	2026-09-30T21:55:00.8170698Z tests/test_nephele_evidence_report.py::test_rejects_copyable_or_unbound_clean_runs[wrong-frame] PASSED [ 18%]
Fast Contract	Run focused CENSOR truth contracts	2026-09-30T21:55:02.4192235Z tests/test_nephele_evidence_report.py::test_junit_is_exact_six_case_multiset[duplicate] PASSED [ 18%]
Fast Contract	Run focused CENSOR truth contracts	2026-09-30T21:55:04.0346081Z tests/test_nephele_evidence_report.py::test_junit_is_exact_six_case_multiset[extra] PASSED [ 19%]
Fast Contract	Run focused CENSOR truth contracts	2026-09-30T21:55:07.6715397Z tests/test_nephele_evidence_report.py::test_junit_accepts_namespaces_and_rejects_false_suite_aggregates PASSED [ 19%]
Fast Contract	Run focused CENSOR truth contracts	2026-09-30T21:55:09.2715218Z tests/test_nephele_evidence_report.py::test_junit_rejects_cases_outside_validated_suites[<root><testcase classname="tests.test_nephele_physical" name="gate1_estimator_majorant_rr"/></root>] PASSED [ 19%]
Fast Contract	Run focused CENSOR truth contracts	2026-09-30T21:55:10.8717974Z tests/test_nephele_evidence_report.py::test_junit_rejects_cases_outside_validated_suites[<testsuites><testcase classname="tests.test_nephele_physical" name="gate1_estimator_majorant_rr"/></testsuites>] PASSED [ 19%]
Fast Contract	Run focused CENSOR truth contracts	2026-09-30T21:55:10.9202676Z tests/test_nephele_evidence_report.py::test_producers_execute_samples_and_bind_raw_outputs PASSED [ 19%]
Fast Contract	Run focused CENSOR truth contracts	2026-09-30T21:55:10.9209839Z tests/test_nephele_evidence_report.py::test_synthetic_unresolved_fixture_fails_closed PASSED [ 19%]
Fast Contract	Run focused CENSOR truth contracts	2026-09-30T21:55:10.9216198Z tests/test_nephele_evidence_report.py::test_synthetic_unresolved_gate4_policy_fails_closed PASSED [ 20%]
Fast Contract	Run focused CENSOR truth contracts	2026-09-30T21:55:10.9222900Z tests/test_nephele_evidence_report.py::test_gate4_rejects_unapproved_aggregation[aggregation0] PASSED [ 20%]
Fast Contract	Run focused CENSOR truth contracts	2026-09-30T21:55:10.9229959Z tests/test_nephele_evidence_report.py::test_gate4_rejects_unapproved_aggregation[aggregation1] PASSED [ 20%]
Fast Contract	Run focused CENSOR truth contracts	2026-09-30T21:55:10.9253292Z tests/test_nephele_evidence_report.py::test_cli_has_no_arbitrary_fixture_override_and_writes_structured_error PASSED [ 20%]
Fast Contract	Run focused CENSOR truth contracts	2026-09-30T21:55:11.9486700Z tests/test_nephele_evidence_report.py::test_tracked_approved_fixture_verifies_and_inventory_is_exact FAILED [ 20%]
Fast Contract	Run focused CENSOR truth contracts	2026-09-30T21:55:11.9497292Z tests/test_nephele_evidence_report.py::test_gate4_owner_fraction_boundary_and_self_approval_rejection PASSED [ 20%]
Fast Contract	Run focused CENSOR truth contracts	2026-09-30T21:55:11.9526403Z tests/test_nephele_evidence_report.py::test_shader_source_parts_preserve_order_and_strip_contract PASSED [ 20%]
Fast Contract	Run focused CENSOR truth contracts	2026-09-30T21:55:13.3536717Z tests/test_nephele_evidence_report.py::test_gate2_count_is_read_from_artifact_not_hardcoded PASSED [ 21%]
Fast Contract	Run focused CENSOR truth contracts	2026-09-30T21:55:13.3808663Z tests/test_nephele_fixture_contracts.py::test_b6_environment_reference_rejects_unbound_inputs_before_gpu[array] PASSED [ 21%]
Fast Contract	Run focused CENSOR truth contracts	2026-09-30T21:55:13.3987402Z tests/test_nephele_fixture_contracts.py::test_b6_environment_reference_rejects_unbound_inputs_before_gpu[native] PASSED [ 21%]
Fast Contract	Run focused CENSOR truth contracts	2026-09-30T21:55:13.4165998Z tests/test_nephele_fixture_contracts.py::test_b6_environment_reference_rejects_unbound_inputs_before_gpu[samples] PASSED [ 21%]
Fast Contract	Run focused CENSOR truth contracts	2026-09-30T21:55:13.4344077Z tests/test_nephele_fixture_contracts.py::test_b6_environment_reference_rejects_unbound_inputs_before_gpu[sun] PASSED [ 21%]
Fast Contract	Run focused CENSOR truth contracts	2026-09-30T21:55:13.4353119Z tests/test_nephele_fixture_contracts.py::test_original_b1_audit_hashes_remain_valid PASSED [ 21%]
Fast Contract	Run focused CENSOR truth contracts	2026-09-30T21:55:13.4412749Z tests/test_nephele_fixture_contracts.py::test_b1_registered_control_binds_plan_and_rejects_tampering PASSED [ 22%]
Fast Contract	Run focused CENSOR truth contracts	2026-09-30T21:55:13.4425528Z tests/test_nephele_fixture_contracts.py::test_b1_generator_rejects_changed_plan_before_runtime_validation PASSED [ 22%]
Fast Contract	Run focused CENSOR truth contracts	2026-09-30T21:55:13.4439596Z tests/test_nephele_fixture_contracts.py::test_b1_generator_rejects_wrong_imported_native PASSED [ 22%]
Fast Contract	Run focused CENSOR truth contracts	2026-09-30T21:55:13.4462995Z tests/test_nephele_fixture_contracts.py::test_reference_tag_preserves_provenance_source_revision PASSED [ 22%]
Fast Contract	Run focused CENSOR truth contracts	2026-09-30T21:55:13.5201973Z tests/test_nephele_fixture_contracts.py::test_blue_noise_is_generated_rank_data_with_bound_source_and_license PASSED [ 22%]
Fast Contract	Run focused CENSOR truth contracts	2026-09-30T21:55:13.5277749Z tests/test_nephele_fixture_contracts.py::test_reference_only_mask_equations_and_shaft_depth_fail_closed PASSED [ 22%]
Fast Contract	Run focused CENSOR truth contracts	2026-09-30T21:55:13.5538517Z tests/test_nephele_fixture_contracts.py::test_convergence_uses_actual_gate3_and_approved_gate4_metrics PASSED [ 23%]
Fast Contract	Run focused CENSOR truth contracts	2026-09-30T21:55:13.5551150Z tests/test_nephele_fixture_contracts.py::test_spatial_partition_is_exact_and_worker_independent PASSED [ 23%]
Fast Contract	Run focused CENSOR truth contracts	2026-09-30T21:55:13.5558709Z tests/test_nephele_fixture_contracts.py::test_reference_density_shape_and_scale_fail_closed PASSED [ 23%]
Fast Contract	Run focused CENSOR truth contracts	2026-09-30T21:55:13.5588973Z tests/test_nephele_fixture_contracts.py::test_fixture_medium_binds_exact_f16_transport_and_n_cubed_majorants PASSED [ 23%]
Fast Contract	Run focused CENSOR truth contracts	2026-09-30T21:55:13.5728025Z tests/test_nephele_fixture_contracts.py::test_fixture_manifest_hashes_every_input_and_masks_regenerate PASSED [ 23%]
Fast Contract	Run focused CENSOR truth contracts	2026-09-30T21:55:13.5739859Z tests/test_nephele_fixture_contracts.py::test_gate4_and_exhaustive_lane_inventory_are_literal PASSED [ 23%]
Fast Contract	Run focused CENSOR truth contracts	2026-09-30T21:55:13.5746994Z tests/test_nephele_public_api.py::test_medium_and_integrated_reference_execute_the_public_wrapper PASSED [ 24%]
Fast Contract	Run focused CENSOR truth contracts	2026-09-30T21:55:13.5750016Z tests/test_nephele_public_api.py::test_medium_validation_errors_remain_structured PASSED [ 24%]
Fast Contract	Run focused CENSOR truth contracts	2026-09-30T21:55:13.5757560Z tests/test_nephele_public_api.py::test_viewer_media_attach_remove_and_type_error_execute PASSED [ 24%]
Fast Contract	Run focused CENSOR truth contracts	2026-09-30T21:55:13.5775459Z tests/test_nephele_public_api.py::test_native_terrain_params_media_roundtrip_returns_public_wrapper PASSED [ 24%]
Fast Contract	Run focused CENSOR truth contracts	2026-09-30T21:55:13.5788682Z tests/test_nephele_public_api.py::test_terrain_shading_model_roundtrip_is_independent_of_media[stylized] PASSED [ 24%]
Fast Contract	Run focused CENSOR truth contracts	2026-09-30T21:55:13.5801221Z tests/test_nephele_public_api.py::test_terrain_shading_model_roundtrip_is_independent_of_media[lambert_physical] PASSED [ 24%]
Fast Contract	Run focused CENSOR truth contracts	2026-09-30T21:55:13.5812946Z tests/test_nephele_public_api.py::test_terrain_shading_model_defaults_and_invalid_values_fail_at_both_boundaries PASSED [ 25%]
Fast Contract	Run focused CENSOR truth contracts	2026-09-30T21:55:13.5818886Z tests/test_nephele_public_api.py::test_media_aov_settings_execute PASSED [ 25%]
Fast Contract	Run focused CENSOR truth contracts	2026-09-30T21:55:13.5847758Z tests/test_nephele_public_api.py::test_media_public_inventory_stubs_and_aov_methods_are_complete PASSED [ 25%]
Fast Contract	Run focused CENSOR truth contracts	2026-09-30T21:55:13.5867251Z tests/test_nephele_public_api.py::test_native_media_aov_and_diagnostic_names_are_registered PASSED [ 25%]
Fast Contract	Run focused CENSOR truth contracts	2026-09-30T21:55:13.5873406Z tests/test_nephele_public_api.py::test_live_viewer_paths_prepare_terrain_trace_before_encode PASSED [ 25%]
Fast Contract	Run focused CENSOR truth contracts	2026-09-30T21:55:13.5879746Z tests/test_nephele_public_api.py::test_executed_beer_residual_is_independently_derived_and_nonzero PASSED [ 25%]
Fast Contract	Run focused CENSOR truth contracts	2026-09-30T21:55:13.5886683Z tests/test_nephele_public_api.py::test_temporal_depth_uses_one_depth32_code_not_exact_float_equality PASSED [ 26%]
Fast Contract	Run focused CENSOR truth contracts	2026-09-30T21:55:13.5898422Z tests/test_install_smoke.py::test_load_project_urls_falls_back_without_tomllib PASSED [ 26%]
Fast Contract	Run focused CENSOR truth contracts	2026-09-30T21:55:13.5903606Z tests/test_install_smoke.py::test_python_version_floor PASSED            [ 26%]
Fast Contract	Run focused CENSOR truth contracts	2026-09-30T21:55:13.5908749Z tests/test_install_smoke.py::test_import_forge3d PASSED                  [ 26%]
Fast Contract	Run focused CENSOR truth contracts	2026-09-30T21:55:13.5914043Z tests/test_install_smoke.py::test_public_api_surface PASSED              [ 26%]
Fast Contract	Run focused CENSOR truth contracts	2026-09-30T21:55:13.5919397Z tests/test_install_smoke.py::test_fetch_dataset_alias_matches_datasets_module PASSED [ 26%]
Fast Contract	Run focused CENSOR truth contracts	2026-09-30T21:55:13.5926422Z tests/test_install_smoke.py::test_version_consistency PASSED             [ 26%]
Fast Contract	Run focused CENSOR truth contracts	2026-09-30T21:55:13.5939806Z tests/test_install_smoke.py::test_enumerate_adapters_smoke PASSED        [ 27%]
Fast Contract	Run focused CENSOR truth contracts	2026-09-30T21:55:13.5945041Z tests/test_install_smoke.py::test_legacy_render_api_removed PASSED       [ 27%]
Fast Contract	Run focused CENSOR truth contracts	2026-09-30T21:55:13.5964066Z tests/test_install_smoke.py::test_installed_project_urls_match_public_metadata PASSED [ 27%]
Fast Contract	Run focused CENSOR truth contracts	2026-09-30T21:55:13.5971766Z tests/test_install_smoke.py::test_installs_interactive_viewer_console_script PASSED [ 27%]
Fast Contract	Run focused CENSOR truth contracts	2026-09-30T21:55:13.5985533Z tests/test_install_smoke.py::test_sidera_third_party_notice_is_shipped_with_embedded_coefficients PASSED [ 27%]
Fast Contract	Run focused CENSOR truth contracts	2026-09-30T21:55:13.5998206Z tests/test_install_smoke.py::test_installed_wheel_path_gate_rejects_repo_local_package PASSED [ 27%]
Fast Contract	Run focused CENSOR truth contracts	2026-09-30T21:55:13.6010866Z tests/test_install_smoke.py::test_installed_wheel_path_gate_rejects_repo_local_native PASSED [ 28%]
Fast Contract	Run focused CENSOR truth contracts	2026-09-30T21:55:13.6022969Z tests/test_install_smoke.py::test_installed_wheel_path_gate_accepts_external_package_and_native PASSED [ 28%]
Fast Contract	Run focused CENSOR truth contracts	2026-09-30T21:55:13.6029389Z tests/test_license.py::test_license_error_message_has_help_text PASSED   [ 28%]
Fast Contract	Run focused CENSOR truth contracts	2026-09-30T21:55:13.6035509Z tests/test_license.py::test_set_license_key_clears_state PASSED          [ 28%]
Fast Contract	Run focused CENSOR truth contracts	2026-09-30T21:55:13.6042521Z tests/test_license.py::test_set_license_key_rejects_invalid_format PASSED [ 28%]
Fast Contract	Run focused CENSOR truth contracts	2026-09-30T21:55:13.6260249Z tests/test_license.py::test_forged_signature_rejected PASSED             [ 28%]
Fast Contract	Run focused CENSOR truth contracts	2026-09-30T21:55:13.6393395Z tests/test_license.py::test_tampered_expiry_rejected PASSED              [ 29%]
Fast Contract	Run focused CENSOR truth contracts	2026-09-30T21:55:13.6520963Z tests/test_license.py::test_enterprise_tier_accepted PASSED              [ 29%]
Fast Contract	Run focused CENSOR truth contracts	2026-09-30T21:55:13.6648827Z tests/test_license.py::test_set_license_key_accepts_well_formed_key PASSED [ 29%]
Fast Contract	Run focused CENSOR truth contracts	2026-09-30T21:55:13.6776818Z tests/test_license.py::test_license_key_can_load_from_environment PASSED [ 29%]
Fast Contract	Run focused CENSOR truth contracts	2026-09-30T21:55:13.6781019Z tests/test_license.py::test_native_license_verifier_exports_when_extension_present PASSED [ 29%]
Fast Contract	Run focused CENSOR truth contracts	2026-09-30T21:55:13.6789293Z tests/test_license.py::test_requires_pro_blocks_without_key PASSED       [ 29%]
Fast Contract	Run focused CENSOR truth contracts	2026-09-30T21:55:13.6796346Z tests/test_license.py::test_requires_pro_preserves_signature PASSED      [ 30%]
Fast Contract	Run focused CENSOR truth contracts	2026-09-30T21:55:13.6802444Z tests/test_license.py::test_grace_period_status_active PASSED            [ 30%]
Fast Contract	Run focused CENSOR truth contracts	2026-09-30T21:55:13.6808784Z tests/test_license.py::test_grace_period_status_grace PASSED             [ 30%]
Fast Contract	Run focused CENSOR truth contracts	2026-09-30T21:55:13.6815084Z tests/test_license.py::test_grace_period_status_expired PASSED           [ 30%]
Fast Contract	Run focused CENSOR truth contracts	2026-09-30T21:55:13.7028795Z tests/test_license.py::test_requires_pro_warns_during_grace PASSED       [ 30%]
Fast Contract	Run focused CENSOR truth contracts	2026-09-30T21:55:13.7034623Z tests/test_api_contracts.py::TestNativeModuleSymbols::test_registered_classes_exist PASSED [ 30%]
Fast Contract	Run focused CENSOR truth contracts	2026-09-30T21:55:13.7041988Z tests/test_api_contracts.py::TestNativeModuleSymbols::test_registered_functions_exist PASSED [ 31%]
Fast Contract	Run focused CENSOR truth contracts	2026-09-30T21:55:13.7060147Z tests/test_api_contracts.py::TestSceneMethodContracts::test_render_rgba_is_instance_method PASSED [ 31%]
Fast Contract	Run focused CENSOR truth contracts	2026-09-30T21:55:13.7061178Z tests/test_api_contracts.py::TestSceneMethodContracts::test_render_png_is_instance_method PASSED [ 31%]
Fast Contract	Run focused CENSOR truth contracts	2026-09-30T21:55:13.7062194Z tests/test_api_contracts.py::TestSceneMethodContracts::test_set_msaa_samples_is_instance_method PASSED [ 31%]
Fast Contract	Run focused CENSOR truth contracts	2026-09-30T21:55:13.7064929Z tests/test_api_contracts.py::TestSceneMethodContracts::test_set_camera_look_at_exists PASSED [ 31%]
Fast Contract	Run focused CENSOR truth contracts	2026-09-30T21:55:13.7070265Z tests/test_api_contracts.py::TestSceneMethodContracts::test_set_height_from_r32f_exists PASSED [ 31%]
Fast Contract	Run focused CENSOR truth contracts	2026-09-30T21:55:13.7077419Z tests/test_api_contracts.py::TestSceneMethodContracts::test_aether_scene_method_exists[set_atmosphere] PASSED [ 32%]
Fast Contract	Run focused CENSOR truth contracts	2026-09-30T21:55:13.7083858Z tests/test_api_contracts.py::TestSceneMethodContracts::test_aether_scene_method_exists[clear_atmosphere] PASSED [ 32%]
Fast Contract	Run focused CENSOR truth contracts	2026-09-30T21:55:13.7090217Z tests/test_api_contracts.py::TestSceneMethodContracts::test_aether_scene_method_exists[get_atmosphere_settings] PASSED [ 32%]
Fast Contract	Run focused CENSOR truth contracts	2026-09-30T21:55:13.7095398Z tests/test_api_contracts.py::TestSceneMethodContracts::test_enable_oit_exists PASSED [ 32%]
Fast Contract	Run focused CENSOR truth contracts	2026-09-30T21:55:13.7100993Z tests/test_api_contracts.py::TestSceneMethodContracts::test_disable_oit_exists PASSED [ 32%]
Fast Contract	Run focused CENSOR truth contracts	2026-09-30T21:55:13.7106426Z tests/test_api_contracts.py::TestSceneMethodContracts::test_is_oit_enabled_exists PASSED [ 32%]
Fast Contract	Run focused CENSOR truth contracts	2026-09-30T21:55:13.7111678Z tests/test_api_contracts.py::TestSceneMethodContracts::test_get_oit_mode_exists PASSED [ 33%]
Fast Contract	Run focused CENSOR truth contracts	2026-09-30T21:55:13.7116876Z tests/test_api_contracts.py::TestSceneMethodContracts::test_ssao_enabled_exists PASSED [ 33%]
Fast Contract	Run focused CENSOR truth contracts	2026-09-30T21:55:13.7122348Z tests/test_api_contracts.py::TestSceneMethodContracts::test_set_ssao_enabled_exists PASSED [ 33%]
Fast Contract	Run focused CENSOR truth contracts	2026-09-30T21:55:13.7127785Z tests/test_api_contracts.py::TestSceneMethodContracts::test_set_ssao_parameters_exists PASSED [ 33%]
Fast Contract	Run focused CENSOR truth contracts	2026-09-30T21:55:13.7132960Z tests/test_api_contracts.py::TestSceneMethodContracts::test_enable_ibl_exists PASSED [ 33%]
Fast Contract	Run focused CENSOR truth contracts	2026-09-30T21:55:13.7138188Z tests/test_api_contracts.py::TestSceneMethodContracts::test_disable_ibl_exists PASSED [ 33%]
Fast Contract	Run focused CENSOR truth contracts	2026-09-30T21:55:13.7143291Z tests/test_api_contracts.py::TestSceneMethodContracts::test_enable_reflections_exists PASSED [ 33%]
Fast Contract	Run focused CENSOR truth contracts	2026-09-30T21:55:13.7148576Z tests/test_api_contracts.py::TestSceneMethodContracts::test_disable_reflections_exists PASSED [ 34%]
Fast Contract	Run focused CENSOR truth contracts	2026-09-30T21:55:13.7153720Z tests/test_api_contracts.py::TestSceneMethodContracts::test_enable_dof_exists PASSED [ 34%]
Fast Contract	Run focused CENSOR truth contracts	2026-09-30T21:55:13.7159010Z tests/test_api_contracts.py::TestSceneMethodContracts::test_disable_dof_exists PASSED [ 34%]
Fast Contract	Run focused CENSOR truth contracts	2026-09-30T21:55:13.7164218Z tests/test_api_contracts.py::TestSceneMethodContracts::test_enable_water_surface_exists PASSED [ 34%]
Fast Contract	Run focused CENSOR truth contracts	2026-09-30T21:55:13.7169404Z tests/test_api_contracts.py::TestSceneMethodContracts::test_enable_ground_plane_exists PASSED [ 34%]
Fast Contract	Run focused CENSOR truth contracts	2026-09-30T21:55:13.7174568Z tests/test_api_contracts.py::TestSceneMethodContracts::test_enable_cloud_shadows_exists PASSED [ 34%]
Fast Contract	Run focused CENSOR truth contracts	2026-09-30T21:55:13.7180042Z tests/test_api_contracts.py::TestSceneMethodContracts::test_enable_point_spot_lights_exists PASSED [ 35%]
Fast Contract	Run focused CENSOR truth contracts	2026-09-30T21:55:13.7185171Z tests/test_api_contracts.py::TestSceneMethodContracts::test_add_point_light_exists PASSED [ 35%]
Fast Contract	Run focused CENSOR truth contracts	2026-09-30T21:55:13.7190759Z tests/test_api_contracts.py::TestSceneMethodContracts::test_enable_text_meshes_exists PASSED [ 35%]
Fast Contract	Run focused CENSOR truth contracts	2026-09-30T21:55:13.7196265Z tests/test_api_contracts.py::TestSceneMethodContracts::test_get_stats_exists PASSED [ 35%]
Fast Contract	Run focused CENSOR truth contracts	2026-09-30T21:55:13.7204064Z tests/test_api_contracts.py::TestCameraAnimationTargetContract::test_camera_keyframe_constructible PASSED [ 35%]
Fast Contract	Run focused CENSOR truth contracts	2026-09-30T21:55:13.7212086Z tests/test_api_contracts.py::TestCameraAnimationTargetContract::test_camera_animation_target_round_trip PASSED [ 35%]
Fast Contract	Run focused CENSOR truth contracts	2026-09-30T21:55:13.7218806Z tests/test_api_contracts.py::TestCameraAnimationTargetContract::test_camera_animation_replace_and_clear PASSED [ 36%]
Fast Contract	Run focused CENSOR truth contracts	2026-09-30T21:55:13.7226240Z tests/test_api_contracts.py::TestSceneMethodCount::test_scene_has_minimum_method_count PASSED [ 36%]
Fast Contract	Run focused CENSOR truth contracts	2026-09-30T21:55:13.7233084Z tests/test_api_contracts.py::TestOrphanedClassesRegistered::test_frame_registered PASSED [ 36%]
Fast Contract	Run focused CENSOR truth contracts	2026-09-30T21:55:13.7239140Z tests/test_api_contracts.py::TestOrphanedClassesRegistered::test_hdr_frame_registered PASSED [ 36%]
Fast Contract	Run focused CENSOR truth contracts	2026-09-30T21:55:13.7244597Z tests/test_api_contracts.py::TestOrphanedClassesRegistered::test_sdf_primitive_registered PASSED [ 36%]
Fast Contract	Run focused CENSOR truth contracts	2026-09-30T21:55:13.7249975Z tests/test_api_contracts.py::TestOrphanedClassesRegistered::test_sdf_scene_registered PASSED [ 36%]
Fast Contract	Run focused CENSOR truth contracts	2026-09-30T21:55:13.7255239Z tests/test_api_contracts.py::TestOrphanedClassesRegistered::test_sdf_scene_builder_registered PASSED [ 37%]
Fast Contract	Run focused CENSOR truth contracts	2026-09-30T21:55:13.7261476Z tests/test_api_contracts.py::TestOrphanedClassesRegistered::test_sdf_scene_constructible PASSED [ 37%]
Fast Contract	Run focused CENSOR truth contracts	2026-09-30T21:55:13.7267251Z tests/test_api_contracts.py::TestOrphanedClassesRegistered::test_sdf_primitive_sphere_constructible PASSED [ 37%]
Fast Contract	Run focused CENSOR truth contracts	2026-09-30T21:55:13.7273107Z tests/test_api_contracts.py::TestOrphanedClassesRegistered::test_sdf_scene_builder_round_trip PASSED [ 37%]
Fast Contract	Run focused CENSOR truth contracts	2026-09-30T21:55:13.7278566Z tests/test_api_contracts.py::TestTbnFunctionsExported::test_mesh_generate_cube_tbn_registered PASSED [ 37%]
Fast Contract	Run focused CENSOR truth contracts	2026-09-30T21:55:13.7283991Z tests/test_api_contracts.py::TestTbnFunctionsExported::test_mesh_generate_plane_tbn_registered PASSED [ 37%]
Fast Contract	Run focused CENSOR truth contracts	2026-09-30T21:55:13.7292888Z tests/test_api_contracts.py::TestTbnFunctionsExported::test_cube_tbn_dict_keys PASSED [ 38%]
Fast Contract	Run focused CENSOR truth contracts	2026-09-30T21:55:13.7300063Z tests/test_api_contracts.py::TestTbnFunctionsExported::test_cube_tbn_vertex_count PASSED [ 38%]
Fast Contract	Run focused CENSOR truth contracts	2026-09-30T21:55:13.7309591Z tests/test_api_contracts.py::TestTbnFunctionsExported::test_cube_tbn_index_count PASSED [ 38%]
Fast Contract	Run focused CENSOR truth contracts	2026-09-30T21:55:13.7314493Z tests/test_api_contracts.py::TestTbnFunctionsExported::test_cube_tbn_data_count PASSED [ 38%]
Fast Contract	Run focused CENSOR truth contracts	2026-09-30T21:55:13.7321733Z tests/test_api_contracts.py::TestTbnFunctionsExported::test_cube_vertex_dict_structure PASSED [ 38%]
Fast Contract	Run focused CENSOR truth contracts	2026-09-30T21:55:13.7328410Z tests/test_api_contracts.py::TestTbnFunctionsExported::test_cube_tbn_dict_structure PASSED [ 38%]
Fast Contract	Run focused CENSOR truth contracts	2026-09-30T21:55:13.7335008Z tests/test_api_contracts.py::TestTbnFunctionsExported::test_plane_tbn_4x4_vertex_count PASSED [ 39%]
Fast Contract	Run focused CENSOR truth contracts	2026-09-30T21:55:13.7341519Z tests/test_api_contracts.py::TestTbnFunctionsExported::test_plane_tbn_4x4_index_count PASSED [ 39%]
Fast Contract	Run focused CENSOR truth contracts	2026-09-30T21:55:13.7348080Z tests/test_api_contracts.py::TestTbnFunctionsExported::test_plane_tbn_4x4_tbn_count PASSED [ 39%]
Fast Contract	Run focused CENSOR truth contracts	2026-09-30T21:55:13.7354034Z tests/test_api_contracts.py::TestTbnFunctionsExported::test_plane_tbn_rejects_small_dimensions PASSED [ 39%]
Fast Contract	Run focused CENSOR truth contracts	2026-09-30T21:55:13.7397840Z tests/test_api_contracts.py::TestTbnFunctionsExported::test_python_wrapper_uses_native_path PASSED [ 39%]
Fast Contract	Run focused CENSOR truth contracts	2026-09-30T21:55:13.7404849Z tests/test_api_contracts.py::TestTbnFunctionsExported::test_python_wrapper_plane_native_path PASSED [ 39%]
Fast Contract	Run focused CENSOR truth contracts	2026-09-30T21:55:13.7410880Z tests/test_api_contracts.py::TestPackageLevelApiContracts::test_package_exports_symbols PASSED [ 40%]
Fast Contract	Run focused CENSOR truth contracts	2026-09-30T21:55:13.7416294Z tests/test_api_contracts.py::TestPackageLevelApiContracts::test_version_is_string PASSED [ 40%]
Fast Contract	Run focused CENSOR truth contracts	2026-09-30T21:55:13.7435519Z tests/test_api_contracts.py::TestPackageLevelApiContracts::test_has_gpu_returns_bool PASSED [ 40%]
Fast Contract	Run focused CENSOR truth contracts	2026-09-30T21:55:13.7441268Z tests/test_api_contracts.py::TestPackageLevelApiContracts::test_precision_module_exports_native_proof_calls PASSED [ 40%]
Fast Contract	Run focused CENSOR truth contracts	2026-09-30T21:55:13.7447547Z tests/test_api_contracts.py::TestPackageLevelApiContracts::test_legacy_render_api_removed PASSED [ 40%]
Fast Contract	Run focused CENSOR truth contracts	2026-09-30T21:55:13.7458404Z tests/test_api_contracts.py::TestCartographerPrimeNativeContract::test_generic_optimal_dispatch_matches_compatibility_alias PASSED [ 40%]
Fast Contract	Run focused CENSOR truth contracts	2026-09-30T21:55:13.7467861Z tests/test_api_contracts.py::TestCartographerPrimeNativeContract::test_invalid_candidate_is_rejected[candidate0] PASSED [ 40%]
Fast Contract	Run focused CENSOR truth contracts	2026-09-30T21:55:13.7475804Z tests/test_api_contracts.py::TestCartographerPrimeNativeContract::test_invalid_candidate_is_rejected[candidate1] PASSED [ 41%]
Fast Contract	Run focused CENSOR truth contracts	2026-09-30T21:55:13.7483625Z tests/test_api_contracts.py::TestCartographerPrimeNativeContract::test_invalid_candidate_is_rejected[candidate2] PASSED [ 41%]
Fast Contract	Run focused CENSOR truth contracts	2026-09-30T21:55:13.7491479Z tests/test_api_contracts.py::TestCartographerPrimeNativeContract::test_duplicate_candidate_identity_is_rejected PASSED [ 41%]
Fast Contract	Run focused CENSOR truth contracts	2026-09-30T21:55:13.7500308Z tests/test_api_contracts.py::TestCartographerPrimeNativeContract::test_degenerate_or_quantization_collapsed_bounds_are_rejected[bounds0] PASSED [ 41%]
Fast Contract	Run focused CENSOR truth contracts	2026-09-30T21:55:13.7508624Z tests/test_api_contracts.py::TestCartographerPrimeNativeContract::test_degenerate_or_quantization_collapsed_bounds_are_rejected[bounds1] PASSED [ 41%]
Fast Contract	Run focused CENSOR truth contracts	2026-09-30T21:55:13.7517047Z tests/test_api_contracts.py::TestCartographerPrimeNativeContract::test_large_weight_aggregate_does_not_overflow PASSED [ 41%]
Fast Contract	Run focused CENSOR truth contracts	2026-09-30T21:55:13.7525480Z tests/test_api_contracts.py::TestCartographerPrimeNativeContract::test_raw_priority_is_primary_over_cardinality PASSED [ 42%]
Fast Contract	Run focused CENSOR truth contracts	2026-09-30T21:55:13.7533035Z tests/test_api_contracts.py::TestCartographerPrimeNativeContract::test_large_box_overlap_area_does_not_overflow PASSED [ 42%]
Fast Contract	Run focused CENSOR truth contracts	2026-09-30T21:55:13.7540253Z tests/test_api_contracts.py::TestCartographerPrimeNativeContract::test_visibility_gate_is_solver_only_evidence PASSED [ 42%]
Fast Contract	Run focused CENSOR truth contracts	2026-09-30T21:55:13.7547522Z tests/test_api_contracts.py::TestCartographerPrimeNativeContract::test_unsupported_generic_algorithm_is_explicit PASSED [ 42%]
Fast Contract	Run focused CENSOR truth contracts	2026-09-30T21:55:13.7556334Z tests/test_api_contracts.py::TestCartographerPrimeNativeContract::test_internal_depth_host_reservation_lifetime_and_double_close PASSED [ 42%]
Fast Contract	Run focused CENSOR truth contracts	2026-09-30T21:55:13.7565204Z tests/test_api_contracts.py::TestCartographerPrimeNativeContract::test_canonical_clippy_aliases_are_single_strings PASSED [ 42%]
Fast Contract	Run focused CENSOR truth contracts	2026-09-30T21:55:13.7572839Z tests/test_api_contracts.py::TestGeometryFunctionContracts::test_instanced_pbr_keyword_is_exposed PASSED [ 43%]
Fast Contract	Run focused CENSOR truth contracts	2026-09-30T21:55:13.7585147Z tests/test_api_contracts.py::TestGeometryFunctionContracts::test_geometry_functions_exist PASSED [ 43%]
Fast Contract	Run focused CENSOR truth contracts	2026-09-30T21:55:13.7590578Z tests/test_api_contracts.py::TestCameraFunctionContracts::test_camera_functions_exist PASSED [ 43%]
Fast Contract	Run focused CENSOR truth contracts	2026-09-30T21:55:13.7595427Z tests/test_api_contracts.py::TestIoFunctionContracts::test_io_functions_exist PASSED [ 43%]
Fast Contract	Run focused CENSOR truth contracts	2026-09-30T21:55:13.7600762Z tests/test_api_contracts.py::TestTransformFunctionContracts::test_transform_functions_exist PASSED [ 43%]
Fast Contract	Run focused CENSOR truth contracts	2026-09-30T21:55:13.7606822Z tests/test_api_contracts.py::TestNativeModuleSymbolCount::test_native_module_has_minimum_symbols PASSED [ 43%]
Fast Contract	Run focused CENSOR truth contracts	2026-09-30T21:55:13.7611751Z tests/test_api_contracts.py::TestOffscreenRenderRouting::test_native_scene_detected_correctly PASSED [ 44%]
Fast Contract	Run focused CENSOR truth contracts	2026-09-30T21:55:13.7616755Z tests/test_api_contracts.py::TestOffscreenRenderRouting::test_non_native_scene_rejected PASSED [ 44%]
Fast Contract	Run focused CENSOR truth contracts	2026-09-30T21:55:13.7639480Z tests/test_api_contracts.py::TestOffscreenRenderRouting::test_fallback_used_when_no_scene PASSED [ 44%]
Fast Contract	Run focused CENSOR truth contracts	2026-09-30T21:55:13.7647839Z tests/test_api_contracts.py::TestOffscreenRenderRouting::test_fallback_used_for_non_native_scene PASSED [ 44%]
Fast Contract	Run focused CENSOR truth contracts	2026-09-30T21:55:13.7653245Z tests/test_api_contracts.py::TestOffscreenRenderRouting::test_render_rgba_is_instance_method_not_module_function PASSED [ 44%]
Fast Contract	Run focused CENSOR truth contracts	2026-09-30T21:55:13.7658149Z tests/test_api_contracts.py::TestMsaaSetterRouting::test_set_msaa_samples_not_on_module PASSED [ 44%]
Fast Contract	Run focused CENSOR truth contracts	2026-09-30T21:55:13.7662872Z tests/test_api_contracts.py::TestMsaaSetterRouting::test_set_msaa_samples_on_scene_class PASSED [ 45%]
Fast Contract	Run focused CENSOR truth contracts	2026-09-30T21:55:13.7669032Z tests/test_api_contracts.py::TestMsaaSetterRouting::test_viewer_set_msaa_validates_samples PASSED [ 45%]
Fast Contract	Run focused CENSOR truth contracts	2026-09-30T21:55:13.7673832Z tests/test_api_contracts.py::TestMsaaSetterRouting::test_viewer_set_msaa_accepts_valid_samples PASSED [ 45%]
Fast Contract	Run focused CENSOR truth contracts	2026-09-30T21:55:13.7679094Z tests/test_api_contracts.py::TestTerrainRendererHeightStreamingContract::test_terrain_renderer_streaming_methods_exist PASSED [ 45%]
Fast Contract	Run focused CENSOR truth contracts	2026-09-30T21:55:13.7684219Z tests/test_api_contracts.py::TestSsgiSsrSettingsWiring::test_ssgi_settings_defaults PASSED [ 45%]
Fast Contract	Run focused CENSOR truth contracts	2026-09-30T21:55:13.7691106Z tests/test_api_contracts.py::TestSsgiSsrSettingsWiring::test_ssgi_settings_custom_values_differ PASSED [ 45%]
Fast Contract	Run focused CENSOR truth contracts	2026-09-30T21:55:13.7697052Z tests/test_api_contracts.py::TestSsgiSsrSettingsWiring::test_ssgi_settings_all_fields_accessible PASSED [ 46%]
Fast Contract	Run focused CENSOR truth contracts	2026-09-30T21:55:13.7702430Z tests/test_api_contracts.py::TestSsgiSsrSettingsWiring::test_ssr_settings_defaults PASSED [ 46%]
Fast Contract	Run focused CENSOR truth contracts	2026-09-30T21:55:13.7708098Z tests/test_api_contracts.py::TestSsgiSsrSettingsWiring::test_ssr_settings_custom_values_differ PASSED [ 46%]
Fast Contract	Run focused CENSOR truth contracts	2026-09-30T21:55:13.7714544Z tests/test_api_contracts.py::TestSsgiSsrSettingsWiring::test_ssr_settings_all_fields_accessible PASSED [ 46%]
Fast Contract	Run focused CENSOR truth contracts	2026-09-30T21:55:13.7719806Z tests/test_api_contracts.py::TestSsgiSsrSettingsWiring::test_scene_has_ssgi_methods PASSED [ 46%]
Fast Contract	Run focused CENSOR truth contracts	2026-09-30T21:55:13.7726213Z tests/test_api_contracts.py::TestSsgiSsrSettingsWiring::test_scene_has_ssr_methods PASSED [ 46%]
Fast Contract	Run focused CENSOR truth contracts	2026-09-30T21:55:13.7731351Z tests/test_api_contracts.py::TestSsgiSsrSettingsWiring::test_scene_has_native_text_halo_method PASSED [ 46%]
Fast Contract	Run focused CENSOR truth contracts	2026-09-30T21:55:13.7736302Z tests/test_api_contracts.py::TestSsgiSsrSettingsWiring::test_terrain_params_exposes_screen_space_settings PASSED [ 47%]
Fast Contract	Run focused CENSOR truth contracts	2026-09-30T21:55:13.7741234Z tests/test_api_contracts.py::TestSsgiSsrSettingsWiring::test_terrain_params_exposes_terrain_shading_model PASSED [ 47%]
Fast Contract	Run focused CENSOR truth contracts	2026-09-30T21:55:13.7746121Z tests/test_api_contracts.py::TestBloomSettingsWiring::test_scene_has_bloom_methods PASSED [ 47%]
Fast Contract	Run focused CENSOR truth contracts	2026-09-30T21:55:13.7751239Z tests/test_api_contracts.py::TestBloomSettingsWiring::test_bloom_settings_default_disabled PASSED [ 47%]
Fast Contract	Run focused CENSOR truth contracts	2026-09-30T21:55:13.7755966Z tests/test_api_contracts.py::TestBloomSettingsWiring::test_bloom_settings_enabled_custom PASSED [ 47%]
Fast Contract	Run focused CENSOR truth contracts	2026-09-30T21:55:13.7762109Z tests/test_api_contracts.py::TestBloomSettingsWiring::test_bloom_settings_rejects_negative_threshold PASSED [ 47%]
Fast Contract	Run focused CENSOR truth contracts	2026-09-30T21:55:13.7767956Z tests/test_api_contracts.py::TestBloomSettingsWiring::test_bloom_settings_rejects_invalid_softness PASSED [ 48%]
Fast Contract	Run focused CENSOR truth contracts	2026-09-30T21:55:13.7773478Z tests/test_api_contracts.py::TestBloomSettingsWiring::test_bloom_settings_rejects_negative_intensity PASSED [ 48%]
Fast Contract	Run focused CENSOR truth contracts	2026-09-30T21:55:13.7778929Z tests/test_api_contracts.py::TestBloomSettingsWiring::test_bloom_settings_rejects_zero_radius PASSED [ 48%]
Fast Contract	Run focused CENSOR truth contracts	2026-09-30T21:55:13.7786363Z tests/test_api_contracts.py::TestBloomSettingsWiring::test_bloom_in_terrain_params PASSED [ 48%]
Fast Contract	Run focused CENSOR truth contracts	2026-09-30T21:55:13.7791868Z tests/test_api_contracts.py::TestTerrainAnalysisApi::test_terrain_spike_analysis_methods_exist_on_class PASSED [ 48%]
Fast Contract	Run focused CENSOR truth contracts	2026-09-30T21:55:13.7798213Z tests/test_api_contracts.py::TestTerrainAnalysisApi::test_slope_flat_surface SKIPPED [ 48%]
Fast Contract	Run focused CENSOR truth contracts	2026-09-30T21:55:13.7805526Z tests/test_api_contracts.py::TestTerrainAnalysisApi::test_slope_east_ramp SKIPPED [ 49%]
Fast Contract	Run focused CENSOR truth contracts	2026-09-30T21:55:13.7811985Z tests/test_api_contracts.py::TestTerrainAnalysisApi::test_slope_rejects_wrong_size SKIPPED [ 49%]
Fast Contract	Run focused CENSOR truth contracts	2026-09-30T21:55:13.7817958Z tests/test_api_contracts.py::TestTerrainAnalysisApi::test_slope_rejects_small_grid SKIPPED [ 49%]
Fast Contract	Run focused CENSOR truth contracts	2026-09-30T21:55:13.7823647Z tests/test_api_contracts.py::TestTerrainAnalysisApi::test_contour_gaussian SKIPPED [ 49%]
Fast Contract	Run focused CENSOR truth contracts	2026-09-30T21:55:13.7829472Z tests/test_api_contracts.py::TestTerrainAnalysisApi::test_contour_rejects_empty_levels SKIPPED [ 49%]
Fast Contract	Run focused CENSOR truth contracts	2026-09-30T21:55:13.7835233Z tests/test_api_contracts.py::TestTerrainAnalysisApi::test_contour_no_crossing SKIPPED [ 49%]
Fast Contract	Run focused CENSOR truth contracts	2026-09-30T21:55:13.7840404Z tests/test_api_contracts.py::TestTerrainAnalysisApi::test_no_module_level_slope_function PASSED [ 50%]
Fast Contract	Run focused CENSOR truth contracts	2026-09-30T21:55:13.7844979Z tests/test_api_contracts.py::TestPointCloudBuffer::test_point_buffer_registered PASSED [ 50%]
Fast Contract	Run focused CENSOR truth contracts	2026-09-30T21:55:13.7858293Z tests/test_api_contracts.py::TestPointCloudBuffer::test_create_gpu_buffer_empty PASSED [ 50%]
Fast Contract	Run focused CENSOR truth contracts	2026-09-30T21:55:13.7864341Z tests/test_api_contracts.py::TestPointCloudBuffer::test_create_gpu_buffer_positions_only PASSED [ 50%]
Fast Contract	Run focused CENSOR truth contracts	2026-09-30T21:55:13.7870313Z tests/test_api_contracts.py::TestPointCloudBuffer::test_create_gpu_buffer_anchored_preserves_earth_scale_offset PASSED [ 50%]
Fast Contract	Run focused CENSOR truth contracts	2026-09-30T21:55:13.7875783Z tests/test_api_contracts.py::TestPointCloudBuffer::test_create_gpu_buffer_with_colors PASSED [ 50%]
Fast Contract	Run focused CENSOR truth contracts	2026-09-30T21:55:13.7881239Z tests/test_api_contracts.py::TestPointCloudBuffer::test_gpu_byte_size PASSED [ 51%]
Fast Contract	Run focused CENSOR truth contracts	2026-09-30T21:55:13.7886691Z tests/test_api_contracts.py::TestPointCloudBuffer::test_create_viewer_gpu_buffer_empty PASSED [ 51%]
Fast Contract	Run focused CENSOR truth contracts	2026-09-30T21:55:13.7892430Z tests/test_api_contracts.py::TestPointCloudBuffer::test_create_viewer_gpu_buffer_layout PASSED [ 51%]
Fast Contract	Run focused CENSOR truth contracts	2026-09-30T21:55:13.7898113Z tests/test_api_contracts.py::TestPointCloudBuffer::test_create_viewer_gpu_buffer_with_colors PASSED [ 51%]
Fast Contract	Run focused CENSOR truth contracts	2026-09-30T21:55:13.7903364Z tests/test_api_contracts.py::TestPointCloudBuffer::test_viewer_buffer_byte_count PASSED [ 51%]
Fast Contract	Run focused CENSOR truth contracts	2026-09-30T21:55:13.7909270Z tests/test_api_contracts.py::TestPointCloudBuffer::test_validation_bad_positions PASSED [ 51%]
Fast Contract	Run focused CENSOR truth contracts	2026-09-30T21:55:13.7914495Z tests/test_api_contracts.py::TestPointCloudBuffer::test_validation_bad_colors PASSED [ 52%]
Fast Contract	Run focused CENSOR truth contracts	2026-09-30T21:55:13.7919553Z tests/test_api_contracts.py::TestPointCloudBuffer::test_point_count PASSED [ 52%]
Fast Contract	Run focused CENSOR truth contracts	2026-09-30T21:55:13.7924550Z tests/test_api_contracts.py::TestPointCloudBuffer::test_repr PASSED      [ 52%]
Fast Contract	Run focused CENSOR truth contracts	2026-09-30T21:55:13.7995581Z tests/test_api_contracts.py::TestPointCloudBuffer::test_cpu_fallback_intact PASSED [ 52%]
Fast Contract	Run focused CENSOR truth contracts	2026-09-30T21:55:13.8000979Z tests/test_api_contracts.py::TestPointCloudBuffer::test_fixture_exists PASSED [ 52%]
Fast Contract	Run focused CENSOR truth contracts	2026-09-30T21:55:13.8006284Z tests/test_api_contracts.py::TestCopcLazDecompression::test_copc_laz_enabled_function_exists PASSED [ 52%]
Fast Contract	Run focused CENSOR truth contracts	2026-09-30T21:55:13.8011224Z tests/test_api_contracts.py::TestCopcLazDecompression::test_copc_laz_feature_flag_is_boolean PASSED [ 53%]
Fast Contract	Run focused CENSOR truth contracts	2026-09-30T21:55:13.8015961Z tests/test_api_contracts.py::TestCopcLazDecompression::test_read_laz_points_info_function_exists PASSED [ 53%]
Fast Contract	Run focused CENSOR truth contracts	2026-09-30T21:55:13.8021008Z tests/test_api_contracts.py::TestCopcLazDecompression::test_read_laz_point_attributes_function_exists PASSED [ 53%]
Fast Contract	Run focused CENSOR truth contracts	2026-09-30T21:55:13.8025757Z tests/test_api_contracts.py::TestCopcLazDecompression::test_fixture_exists PASSED [ 53%]
Fast Contract	Run focused CENSOR truth contracts	2026-09-30T21:55:13.8053690Z tests/test_api_contracts.py::TestCopcLazDecompression::test_read_laz_returns_tuple PASSED [ 53%]
Fast Contract	Run focused CENSOR truth contracts	2026-09-30T21:55:13.8084779Z tests/test_api_contracts.py::TestCopcLazDecompression::test_decoded_point_count PASSED [ 53%]
Fast Contract	Run focused CENSOR truth contracts	2026-09-30T21:55:13.8105715Z tests/test_api_contracts.py::TestCopcLazDecompression::test_sample_coordinates_valid PASSED [ 53%]
Fast Contract	Run focused CENSOR truth contracts	2026-09-30T21:55:13.8131735Z tests/test_api_contracts.py::TestCopcLazDecompression::test_sample_coordinates_in_expected_range PASSED [ 54%]
Fast Contract	Run focused CENSOR truth contracts	2026-09-30T21:55:13.8156317Z tests/test_api_contracts.py::TestCopcLazDecompression::test_multiple_points_decoded PASSED [ 54%]
Fast Contract	Run focused CENSOR truth contracts	2026-09-30T21:55:13.8181405Z tests/test_api_contracts.py::TestCopcLazDecompression::test_laz_attributes_include_classification_and_intensity PASSED [ 54%]
Fast Contract	Run focused CENSOR truth contracts	2026-09-30T21:55:13.8186841Z tests/test_api_contracts.py::TestCopcLazDecompression::test_read_laz_nonexistent_file_raises PASSED [ 54%]
Fast Contract	Run focused CENSOR truth contracts	2026-09-30T21:55:13.8194365Z tests/test_api_contracts.py::TestCopcLazDecompression::test_read_laz_invalid_file_raises PASSED [ 54%]
Fast Contract	Run focused CENSOR truth contracts	2026-09-30T21:55:13.8200003Z tests/test_api_contracts.py::TestLabelBindings::test_label_style_registered PASSED [ 54%]
Fast Contract	Run focused CENSOR truth contracts	2026-09-30T21:55:13.8204967Z tests/test_api_contracts.py::TestLabelBindings::test_label_flags_registered PASSED [ 55%]
Fast Contract	Run focused CENSOR truth contracts	2026-09-30T21:55:13.8212186Z tests/test_api_contracts.py::TestLabelBindings::test_label_style_defaults PASSED [ 55%]
Fast Contract	Run focused CENSOR truth contracts	2026-09-30T21:55:13.8217945Z tests/test_api_contracts.py::TestLabelBindings::test_label_flags_defaults PASSED [ 55%]
Fast Contract	Run focused CENSOR truth contracts	2026-09-30T21:55:13.8224619Z tests/test_api_contracts.py::TestLabelBindings::test_label_style_set_fields PASSED [ 55%]
Fast Contract	Run focused CENSOR truth contracts	2026-09-30T21:55:13.8230077Z tests/test_api_contracts.py::TestLabelBindings::test_label_flags_set PASSED [ 55%]
Fast Contract	Run focused CENSOR truth contracts	2026-09-30T21:55:13.8235310Z tests/test_api_contracts.py::TestLabelBindings::test_label_style_color_tuple PASSED [ 55%]
Fast Contract	Run focused CENSOR truth contracts	2026-09-30T21:55:13.8241059Z tests/test_api_contracts.py::TestLabelBindings::test_label_style_repr PASSED [ 56%]
Fast Contract	Run focused CENSOR truth contracts	2026-09-30T21:55:13.8247622Z tests/test_api_contracts.py::TestLabelBindings::test_label_style_from_kwargs PASSED [ 56%]
Fast Contract	Run focused CENSOR truth contracts	2026-09-30T21:55:13.8252278Z tests/test_api_contracts.py::test_offscreen_prefers_scene_method PASSED  [ 56%]
Fast Contract	Run focused CENSOR truth contracts	2026-09-30T21:55:13.8265339Z tests/test_api_contracts.py::test_offscreen_fallback_without_scene PASSED [ 56%]
Fast Contract	Run focused CENSOR truth contracts	2026-09-30T21:55:13.8270603Z tests/test_api_contracts.py::test_viewer_set_msaa_no_module_level_native_dependency PASSED [ 56%]
Fast Contract	Run focused CENSOR truth contracts	2026-09-30T21:55:13.8275764Z tests/test_api_contracts.py::test_frame_importable PASSED                [ 56%]
Fast Contract	Run focused CENSOR truth contracts	2026-09-30T21:55:13.8280958Z tests/test_api_contracts.py::test_sdf_classes_importable PASSED          [ 57%]
Fast Contract	Run focused CENSOR truth contracts	2026-09-30T21:55:13.8285556Z tests/test_api_contracts.py::test_mesh_tbn_native_exports PASSED         [ 57%]
Fast Contract	Run focused CENSOR truth contracts	2026-09-30T21:55:13.8294942Z tests/test_api_contracts.py::test_mesh_tbn_native_shape_contract PASSED  [ 57%]
Fast Contract	Run focused CENSOR truth contracts	2026-09-30T21:55:13.8309121Z tests/test_api_contracts.py::test_scene_stub_matches_runtime PASSED      [ 57%]
Fast Contract	Run focused CENSOR truth contracts	2026-09-30T21:55:13.8315564Z tests/test_solar_spa.py::test_spa_worked_example_matches_nrel PASSED     [ 57%]
Fast Contract	Run focused CENSOR truth contracts	2026-09-30T21:55:13.8332034Z tests/test_solar_spa.py::test_spa_matches_official_reference_rows PASSED [ 57%]
Fast Contract	Run focused CENSOR truth contracts	2026-09-30T21:55:13.8338585Z tests/test_solar_spa.py::test_solar_time_is_an_explicit_timezone_free_contract PASSED [ 58%]
Fast Contract	Run focused CENSOR truth contracts	2026-09-30T21:55:13.8346100Z tests/test_solar_spa.py::test_spa_rejects_invalid_physical_inputs[latitude-90.0001] PASSED [ 58%]
Fast Contract	Run focused CENSOR truth contracts	2026-09-30T21:55:13.8354964Z tests/test_solar_spa.py::test_spa_rejects_invalid_physical_inputs[longitude-180.0001] PASSED [ 58%]
Fast Contract	Run focused CENSOR truth contracts	2026-09-30T21:55:13.8362161Z tests/test_solar_spa.py::test_spa_rejects_invalid_physical_inputs[pressure_mbar-0.0] PASSED [ 58%]
Fast Contract	Run focused CENSOR truth contracts	2026-09-30T21:55:13.8368732Z tests/test_solar_spa.py::test_spa_rejects_invalid_physical_inputs[temperature_c--273.15] PASSED [ 58%]
Fast Contract	Run focused CENSOR truth contracts	2026-09-30T21:55:13.8375114Z tests/test_solar_spa.py::test_spa_rejects_invalid_physical_inputs[tz_offset_hours-19.0] PASSED [ 58%]
Fast Contract	Run focused CENSOR truth contracts	2026-09-30T21:55:13.8414044Z tests/test_solar_spa.py::test_helios_verifier_writes_exact_metrics_and_pass_markers PASSED [ 59%]
Fast Contract	Run focused CENSOR truth contracts	2026-09-30T21:55:13.8427446Z tests/test_solar_spa.py::test_helios_verifier_rejects_candidate_mismatch PASSED [ 59%]
Fast Contract	Run focused CENSOR truth contracts	2026-09-30T21:55:13.8442288Z tests/test_solar_spa.py::test_helios_verifier_rejects_nonphysical_adapter PASSED [ 59%]
Fast Contract	Run focused CENSOR truth contracts	2026-09-30T21:55:13.8457502Z tests/test_solar_spa.py::test_helios_verifier_rejects_nonproducer_adapter_envelope PASSED [ 59%]
Fast Contract	Run focused CENSOR truth contracts	2026-09-30T21:55:13.8474067Z tests/test_solar_spa.py::test_helios_verifier_rejects_relaxed_load_bearing_metric PASSED [ 59%]
Fast Contract	Run focused CENSOR truth contracts	2026-09-30T21:55:13.8493739Z tests/test_solar_spa.py::test_helios_verifier_rejects_invalid_production_gpu_proof[root-status-NOT_PROVEN-candidate and strict lane] PASSED [ 59%]
Fast Contract	Run focused CENSOR truth contracts	2026-09-30T21:55:13.8513120Z tests/test_solar_spa.py::test_helios_verifier_rejects_invalid_production_gpu_proof[root-candidate_sha-2222222222222222222222222222222222222222-candidate and strict lane] PASSED [ 60%]
Fast Contract	Run focused CENSOR truth contracts	2026-09-30T21:55:13.8531309Z tests/test_solar_spa.py::test_helios_verifier_rejects_invalid_production_gpu_proof[root-strict_physical_required-False-candidate and strict lane] PASSED [ 60%]
Fast Contract	Run focused CENSOR truth contracts	2026-09-30T21:55:13.8551031Z tests/test_solar_spa.py::test_helios_verifier_rejects_invalid_production_gpu_proof[metrics-rays-9999-GPU ray gate] PASSED [ 60%]
Fast Contract	Run focused CENSOR truth contracts	2026-09-30T21:55:13.8569421Z tests/test_solar_spa.py::test_helios_verifier_rejects_invalid_production_gpu_proof[metrics-false_misses-1-GPU ray gate] PASSED [ 60%]
Fast Contract	Run focused CENSOR truth contracts	2026-09-30T21:55:13.8589118Z tests/test_solar_spa.py::test_helios_verifier_rejects_invalid_production_gpu_proof[metrics-shadow_mask_agreement-0.998-GPU shadow-mask gate] PASSED [ 60%]
Fast Contract	Run focused CENSOR truth contracts	2026-09-30T21:55:13.8606803Z tests/test_solar_spa.py::test_helios_verifier_rejects_each_mutated_producer_identity[status-missing] PASSED [ 60%]
Fast Contract	Run focused CENSOR truth contracts	2026-09-30T21:55:13.8624338Z tests/test_solar_spa.py::test_helios_verifier_rejects_each_mutated_producer_identity[name-NVIDIA stale adapter] PASSED [ 60%]
Fast Contract	Run focused CENSOR truth contracts	2026-09-30T21:55:13.8641808Z tests/test_solar_spa.py::test_helios_verifier_rejects_each_mutated_producer_identity[vendor-4660] PASSED [ 61%]
Fast Contract	Run focused CENSOR truth contracts	2026-09-30T21:55:13.8659345Z tests/test_solar_spa.py::test_helios_verifier_rejects_each_mutated_producer_identity[device-1] PASSED [ 61%]
Fast Contract	Run focused CENSOR truth contracts	2026-09-30T21:55:13.8676917Z tests/test_solar_spa.py::test_helios_verifier_rejects_each_mutated_producer_identity[device_type-IntegratedGpu] PASSED [ 61%]
Fast Contract	Run focused CENSOR truth contracts	2026-09-30T21:55:13.8694025Z tests/test_solar_spa.py::test_helios_verifier_rejects_each_mutated_producer_identity[backend-Dx12] PASSED [ 61%]
Fast Contract	Run focused CENSOR truth contracts	2026-09-30T21:55:13.8712141Z tests/test_solar_spa.py::test_helios_verifier_rejects_each_mutated_producer_identity[driver-stale-driver] PASSED [ 61%]
Fast Contract	Run focused CENSOR truth contracts	2026-09-30T21:55:13.8729856Z tests/test_solar_spa.py::test_helios_verifier_rejects_each_mutated_producer_identity[driver_info-stale-driver-info] PASSED [ 61%]
Fast Contract	Run focused CENSOR truth contracts	2026-09-30T21:55:13.8747187Z tests/test_solar_spa.py::test_helios_verifier_rejects_each_mutated_producer_identity[software_fallback-True] PASSED [ 62%]
Fast Contract	Run focused CENSOR truth contracts	2026-09-30T21:55:13.8766137Z tests/test_solar_spa.py::test_helios_verifier_rejects_each_mutated_producer_identity[software_classification-software] PASSED [ 62%]
Fast Contract	Run focused CENSOR truth contracts	2026-09-30T21:55:13.8781446Z tests/test_solar_spa.py::test_helios_verifier_rejects_missing_production_gpu_proof PASSED [ 62%]
Fast Contract	Run focused CENSOR truth contracts	2026-09-30T21:55:13.8798293Z tests/test_solar_spa.py::test_helios_verifier_rejects_historical_global_peak_schema PASSED [ 62%]
Fast Contract	Run focused CENSOR truth contracts	2026-09-30T21:55:13.8819444Z tests/test_solar_spa.py::test_helios_verifier_rejects_unbound_memory_comparison[native_sha256-bbbbbbbbbbbbbbbbbbbbbbbbbbbbbbbbbbbbbbbbbbbbbbbbbbbbbbbbbbbbbbbb-native SHA-256 mismatch] PASSED [ 62%]
Fast Contract	Run focused CENSOR truth contracts	2026-09-30T21:55:13.8838482Z tests/test_solar_spa.py::test_helios_verifier_rejects_unbound_memory_comparison[adapter-value1-adapter mismatch] PASSED [ 62%]
Fast Contract	Run focused CENSOR truth contracts	2026-09-30T21:55:13.8858262Z tests/test_solar_spa.py::test_helios_verifier_rejects_unbound_memory_comparison[workload-value2-workload mismatch] PASSED [ 63%]
Fast Contract	Run focused CENSOR truth contracts	2026-09-30T21:55:13.8875062Z tests/test_solar_spa.py::test_helios_verifier_rejects_failed_memory_subprocess PASSED [ 63%]
Fast Contract	Run focused CENSOR truth contracts	2026-09-30T21:55:13.8893939Z tests/test_solar_spa.py::test_helios_verifier_rejects_memory_growth_over_five_percent[peak_host_visible_bytes] PASSED [ 63%]
Fast Contract	Run focused CENSOR truth contracts	2026-09-30T21:55:13.8912995Z tests/test_solar_spa.py::test_helios_verifier_rejects_memory_growth_over_five_percent[gpu_resource_bytes] PASSED [ 63%]
Fast Contract	Run focused CENSOR truth contracts	2026-09-30T21:55:13.8930191Z tests/test_solar_spa.py::test_helios_verifier_rejects_minmax_pyramid_mismatch PASSED [ 63%]
Fast Contract	Run focused CENSOR truth contracts	2026-09-30T21:55:13.8947392Z tests/test_solar_spa.py::test_helios_verifier_rejects_incomplete_path_memory PASSED [ 63%]
Fast Contract	Run focused CENSOR truth contracts	2026-09-30T21:55:13.8964863Z tests/test_solar_spa.py::test_helios_verifier_rejects_unreleased_path_memory PASSED [ 64%]
Fast Contract	Run focused CENSOR truth contracts	2026-09-30T21:55:13.8982041Z tests/test_solar_spa.py::test_helios_verifier_rejects_path_memory_over_budget PASSED [ 64%]
Fast Contract	Run focused CENSOR truth contracts	2026-09-30T21:55:13.8989865Z tests/test_solar_spa.py::test_helios_ci_path_filter_covers_trust_boundary PASSED [ 64%]
Fast Contract	Run focused CENSOR truth contracts	2026-09-30T21:55:13.9009365Z tests/test_capability_negotiation.py::test_capabilities_reports_requested_and_granted SKIPPED [ 64%]
Fast Contract	Run focused CENSOR truth contracts	2026-09-30T21:55:13.9026386Z tests/test_capability_negotiation.py::test_absent_capability_is_recorded_not_fatal SKIPPED [ 64%]
Fast Contract	Run focused CENSOR truth contracts	2026-09-30T21:55:13.9032680Z tests/test_capability_negotiation.py::test_production_device_paths_do_not_request_empty_features PASSED [ 64%]
Fast Contract	Run focused CENSOR truth contracts	2026-09-30T21:55:13.9728771Z tests/test_capability_negotiation.py::test_no_default_device_descriptor_requests_in_production_code PASSED [ 65%]
Fast Contract	Run focused CENSOR truth contracts	2026-09-30T21:55:14.1770118Z tests/test_capability_negotiation.py::test_indirect_draw_capability_checks_live_only_in_the_recorder PASSED [ 65%]
Fast Contract	Run focused CENSOR truth contracts	2026-09-30T21:55:14.1776760Z tests/test_capability_negotiation.py::test_terrain_indirect_fallback_is_recorded_at_the_taken_branch PASSED [ 65%]
Fast Contract	Run focused CENSOR truth contracts	2026-09-30T21:55:14.1796467Z tests/test_capability_negotiation.py::test_indirect_draw_fallback_matches_granted_capabilities SKIPPED [ 65%]
Fast Contract	Run focused CENSOR truth contracts	2026-09-30T21:55:14.1802344Z tests/test_capability_negotiation.py::test_viewer_gpu_timing_readback_is_non_blocking PASSED [ 65%]
Fast Contract	Run focused CENSOR truth contracts	2026-09-30T21:55:14.1820215Z tests/test_budget_enforce.py::test_600mib_host_visible_raises_named_budget_error SKIPPED [ 65%]
Fast Contract	Run focused CENSOR truth contracts	2026-09-30T21:55:14.1828097Z tests/test_memory_budget_policy.py::test_default_budget_policy_is_enforce PASSED [ 66%]
Fast Contract	Run focused CENSOR truth contracts	2026-09-30T21:55:14.1834341Z tests/test_memory_budget_policy.py::test_set_budget_policy_validates_values PASSED [ 66%]
Fast Contract	Run focused CENSOR truth contracts	2026-09-30T21:55:14.1839793Z tests/test_memory_budget_policy.py::test_budget_policy_alias_delegates_to_set_budget_policy PASSED [ 66%]
Fast Contract	Run focused CENSOR truth contracts	2026-09-30T21:55:14.1846860Z tests/test_memory_budget_policy.py::test_fallback_enforce_policy_raises_when_budget_exceeded PASSED [ 66%]
Fast Contract	Run focused CENSOR truth contracts	2026-09-30T21:55:14.1852970Z tests/test_memory_budget_policy.py::test_fallback_warn_policy_reports_over_budget_without_raising PASSED [ 66%]
Fast Contract	Run focused CENSOR truth contracts	2026-09-30T21:55:14.1859067Z tests/test_memory_budget_policy.py::test_native_memory_metrics_expose_policy_when_available PASSED [ 66%]
Fast Contract	Run focused CENSOR truth contracts	2026-09-30T21:55:14.4219077Z tests/test_device_init_failure.py::test_bad_backend_env_raises_python_exception_not_abort PASSED [ 66%]
Fast Contract	Run focused CENSOR truth contracts	2026-09-30T21:55:14.6572908Z tests/test_device_init_failure.py::test_bad_backend_env_via_session_raises_not_abort PASSED [ 67%]
Fast Contract	Run focused CENSOR truth contracts	2026-09-30T21:55:14.6579511Z tests/test_device_init_failure.py::test_typed_gpu_exceptions_importable PASSED [ 67%]
Fast Contract	Run focused CENSOR truth contracts	2026-09-30T21:55:14.9985798Z tests/test_allocation_gate.py::test_zero_raw_allocation_sites_outside_tracker PASSED [ 67%]
Fast Contract	Run focused CENSOR truth contracts	2026-09-30T21:55:15.5626804Z tests/test_allocation_gate.py::test_zero_line_split_allocation_evasions PASSED [ 67%]
Fast Contract	Run focused CENSOR truth contracts	2026-09-30T21:55:15.9009526Z tests/test_allocation_gate.py::test_allowlist_entries_not_expired_and_not_stale PASSED [ 67%]
Fast Contract	Run focused CENSOR truth contracts	2026-09-30T21:55:15.9014956Z tests/test_allocation_gate.py::test_gate_regex_excludes_tracked_wrapper PASSED [ 67%]
Fast Contract	Run focused CENSOR truth contracts	2026-09-30T21:55:15.9029868Z tests/test_allocation_gate.py::test_wasm_cfg_raw_allocation_is_not_hidden_from_scanner PASSED [ 68%]
Fast Contract	Run focused CENSOR truth contracts	2026-09-30T21:55:15.9035816Z tests/test_allocation_gate.py::test_toml_fallback_parser_handles_empty_entries PASSED [ 68%]
Fast Contract	Run focused CENSOR truth contracts	2026-09-30T21:55:15.9042006Z tests/test_allocation_gate.py::test_toml_fallback_parser_handles_array_of_tables PASSED [ 68%]
Fast Contract	Run focused CENSOR truth contracts	2026-09-30T21:55:15.9048382Z tests/test_allocation_gate.py::test_toml_fallback_parser_handles_named_tables_and_scalar_arrays PASSED [ 68%]
Fast Contract	Run focused CENSOR truth contracts	2026-09-30T21:55:15.9054556Z tests/test_allocation_gate.py::test_toml_fallback_parser_handles_nested_aot_tables_and_multiline_arrays PASSED [ 68%]
Fast Contract	Run focused CENSOR truth contracts	2026-09-30T21:55:15.9060809Z tests/test_allocation_gate.py::test_toml_fallback_parser_preserves_hashes_inside_strings PASSED [ 68%]
Fast Contract	Run focused CENSOR truth contracts	2026-09-30T21:55:15.9067676Z tests/test_dead_render_structure_gate.py::test_orphan_render_abstractions_are_deleted PASSED [ 69%]
Fast Contract	Run focused CENSOR truth contracts	2026-09-30T21:55:16.1760832Z tests/test_dead_render_structure_gate.py::test_forbidden_dead_structure_symbols_do_not_return PASSED [ 69%]
Fast Contract	Run focused CENSOR truth contracts	2026-09-30T21:55:16.1772717Z tests/test_dead_render_structure_gate.py::test_frame_loop_does_not_create_bind_groups PASSED [ 69%]
Fast Contract	Run focused CENSOR truth contracts	2026-09-30T21:55:16.1780639Z tests/test_dead_render_structure_gate.py::test_viewer_bind_group_cache_is_invalidated_with_resources PASSED [ 69%]
Fast Contract	Run focused CENSOR truth contracts	2026-09-30T21:55:16.2680378Z tests/test_pipeline_validation_gate.py::test_every_pipeline_creation_uses_validation_scope PASSED [ 69%]
Fast Contract	Run focused CENSOR truth contracts	2026-09-30T21:55:16.2688829Z tests/test_degradation_behavior.py::test_all_lighting_no_effect_paths_record_degradation PASSED [ 69%]
Fast Contract	Run focused CENSOR truth contracts	2026-09-30T21:55:16.2746870Z tests/test_degradation_behavior.py::test_sdf_cpu_render_records_render_local_fallback PASSED [ 70%]
Fast Contract	Run focused CENSOR truth contracts	2026-09-30T21:55:16.2761245Z tests/test_degradation_behavior.py::test_building_placeholder_records_empty_geometry PASSED [ 70%]
Fast Contract	Run focused CENSOR truth contracts	2026-09-30T21:55:16.2822906Z tests/test_certificate_verifier.py::test_sign_then_verify_roundtrip PASSED [ 70%]
Fast Contract	Run focused CENSOR truth contracts	2026-09-30T21:55:16.2877897Z tests/test_certificate_verifier.py::test_verify_accepts_in_memory_certificate_mapping PASSED [ 70%]
Fast Contract	Run focused CENSOR truth contracts	2026-09-30T21:55:16.3955518Z tests/test_certificate_verifier.py::test_committed_certificates_use_pinned_production_key_not_dev_key PASSED [ 70%]
Fast Contract	Run focused CENSOR truth contracts	2026-09-30T21:55:16.4018904Z tests/test_certificate_verifier.py::test_gpu_ms_is_not_signed PASSED     [ 70%]
Fast Contract	Run focused CENSOR truth contracts	2026-09-30T21:55:16.4080780Z tests/test_certificate_verifier.py::test_any_signed_byte_tamper_fails PASSED [ 71%]
Fast Contract	Run focused CENSOR truth contracts	2026-09-30T21:55:16.4138849Z tests/test_certificate_verifier.py::test_model_assumption_tamper_fails_verification PASSED [ 71%]
Fast Contract	Run focused CENSOR truth contracts	2026-09-30T21:55:16.4146586Z tests/test_certificate_verifier.py::test_payload_bytes_are_deterministic PASSED [ 71%]
Fast Contract	Run focused CENSOR truth contracts	2026-09-30T21:55:16.4153227Z tests/test_certificate_verifier.py::test_payload_normalizes_negative_zero PASSED [ 71%]
Fast Contract	Run focused CENSOR truth contracts	2026-09-30T21:55:16.4160120Z tests/test_certificate_verifier.py::test_payload_rejects_non_finite_float PASSED [ 71%]
Fast Contract	Run focused CENSOR truth contracts	2026-09-30T21:55:16.4178500Z tests/test_certificate_verifier.py::test_signing_is_deterministic PASSED [ 71%]
Fast Contract	Run focused CENSOR truth contracts	2026-09-30T21:55:16.4239601Z tests/test_certificate_verifier.py::test_signing_uses_native_ed25519_dalek PASSED [ 72%]
Fast Contract	Run focused CENSOR truth contracts	2026-09-30T21:55:16.6685449Z tests/test_certificate_verifier.py::test_cli_verify PASSED               [ 72%]
Fast Contract	Run focused CENSOR truth contracts	2026-09-30T21:55:16.7164213Z tests/test_certificate_verifier.py::test_cli_verify_without_native_module PASSED [ 72%]
Fast Contract	Run focused CENSOR truth contracts	2026-09-30T21:55:16.7179215Z tests/test_render_certificate.py::test_certificate_has_live_passes_and_empty_degradations SKIPPED [ 72%]
Fast Contract	Run focused CENSOR truth contracts	2026-09-30T21:55:16.7191104Z tests/test_render_certificate.py::test_pre_render_python_degradation_does_not_leak SKIPPED [ 72%]
Fast Contract	Run focused CENSOR truth contracts	2026-09-30T21:55:16.7202457Z tests/test_render_certificate.py::test_signed_payload_deterministic_across_two_renders SKIPPED [ 72%]
Fast Contract	Run focused CENSOR truth contracts	2026-09-30T21:55:16.7214160Z tests/test_render_certificate.py::test_certificate_excludes_shaders_owned_by_another_renderer SKIPPED [ 73%]
Fast Contract	Run focused CENSOR truth contracts	2026-09-30T21:55:16.7224620Z tests/test_render_certificate.py::test_scene_certificate_reports_only_scene_owned_shaders SKIPPED [ 73%]
Fast Contract	Run focused CENSOR truth contracts	2026-09-30T21:55:16.7230484Z tests/test_render_certificate.py::test_scene_allocations_ignore_unrelated_live_scene SKIPPED [ 73%]
Fast Contract	Run focused CENSOR truth contracts	2026-09-30T21:55:16.7237415Z tests/test_render_certificate.py::test_scene_allocations_include_lazily_enabled_feature SKIPPED [ 73%]
Fast Contract	Run focused CENSOR truth contracts	2026-09-30T21:55:16.7242851Z tests/test_render_certificate.py::test_scene_shader_hashes_follow_lazy_feature_use SKIPPED [ 73%]
Fast Contract	Run focused CENSOR truth contracts	2026-09-30T21:55:16.7248324Z tests/test_render_certificate.py::test_python_synthetic_render_replaces_stale_gpu_certificate SKIPPED [ 73%]
Fast Contract	Run focused CENSOR truth contracts	2026-09-30T21:55:16.7436857Z tests/test_render_certificate.py::test_progressive_python_render_accepts_certificate_contract PASSED [ 73%]
Fast Contract	Run focused CENSOR truth contracts	2026-09-30T21:55:16.7447692Z tests/test_render_certificate.py::test_certificate_kwarg_writes_signed_file SKIPPED [ 74%]
Fast Contract	Run focused CENSOR truth contracts	2026-09-30T21:55:16.7457742Z tests/test_render_certificate.py::test_certificate_kwarg_false_leaves_metadata_clean SKIPPED [ 74%]
Fast Contract	Run focused CENSOR truth contracts	2026-09-30T21:55:16.7464284Z tests/test_render_certificate_contract.py::test_brdf_certificate_contract_is_in_public_stub PASSED [ 74%]
Fast Contract	Run focused CENSOR truth contracts	2026-09-30T21:55:16.7521795Z tests/test_render_certificate_contract.py::test_public_render_entrypoints_expose_certificate_keyword PASSED [ 74%]
Fast Contract	Run focused CENSOR truth contracts	2026-09-30T21:55:16.7578701Z tests/test_render_certificate_contract.py::test_public_render_entrypoints_expose_anamnesis_cache_keyword PASSED [ 74%]
Fast Contract	Run focused CENSOR truth contracts	2026-09-30T21:55:16.7585558Z tests/test_render_certificate_contract.py::test_cache_exclusions_are_still_certificate_bearing PASSED [ 74%]
Fast Contract	Run focused CENSOR truth contracts	2026-09-30T21:55:16.7604259Z tests/test_render_certificate_contract.py::test_brdf_tile_emits_a_live_certified_pass SKIPPED [ 75%]
Fast Contract	Run focused CENSOR truth contracts	2026-09-30T21:55:16.7629643Z tests/test_render_certificate_contract.py::test_render_surface_sweep_has_no_uncertified_entrypoints PASSED [ 75%]
Fast Contract	Run focused CENSOR truth contracts	2026-09-30T21:55:16.7671399Z tests/test_render_certificate_contract.py::test_render_surface_sweep_has_no_uncached_entrypoints PASSED [ 75%]
Fast Contract	Run focused CENSOR truth contracts	2026-09-30T21:55:16.7677979Z tests/test_render_certificate_contract.py::test_documented_exclusions_explain_their_certificate_scope PASSED [ 75%]
Fast Contract	Run focused CENSOR truth contracts	2026-09-30T21:55:16.7695144Z tests/test_render_certificate_contract.py::test_vector_render_certificate_is_fresh_and_exact SKIPPED [ 75%]
Fast Contract	Run focused CENSOR truth contracts	2026-09-30T21:55:16.7711369Z tests/test_render_certificate_contract.py::test_cloud_render_keeps_following_vector_allocation_usable SKIPPED [ 75%]
Fast Contract	Run focused CENSOR truth contracts	2026-09-30T21:55:16.7732762Z tests/test_render_certificate_contract.py::test_native_sdf_render_uses_the_supplied_scene_and_emits_certificate PASSED [ 76%]
Fast Contract	Run focused CENSOR truth contracts	2026-09-30T21:55:16.7749293Z tests/test_render_certificate_contract.py::test_polygon_fill_certificate_names_only_the_polygon_shader SKIPPED [ 76%]
Fast Contract	Run focused CENSOR truth contracts	2026-09-30T21:55:16.7766319Z tests/test_render_certificate_contract.py::test_native_smoke_certificate_uses_cpu_identity PASSED [ 76%]
Fast Contract	Run focused CENSOR truth contracts	2026-09-30T21:55:16.7781649Z tests/test_render_certificate_contract.py::test_fallback_renderer_discloses_cpu_degradation PASSED [ 76%]
Fast Contract	Run focused CENSOR truth contracts	2026-09-30T21:55:16.7798297Z tests/test_render_certificate_contract.py::test_instanced_mesh_certificate_names_only_the_instancing_shader SKIPPED [ 76%]
Fast Contract	Run focused CENSOR truth contracts	2026-09-30T21:55:16.7810170Z tests/test_render_certificate_contract.py::test_terrain_sequence_never_substitutes_triangle_placeholder PASSED [ 76%]
Fast Contract	Run focused CENSOR truth contracts	2026-09-30T21:55:16.7815564Z tests/test_astro_ephemeris.py::test_hashed_text_oracles_are_checked_out_with_canonical_lf_bytes PASSED [ 77%]
Fast Contract	Run focused CENSOR truth contracts	2026-09-30T21:55:16.9492626Z tests/test_astro_ephemeris.py::test_public_ephemeris_meets_committed_horizons_gates 
Fast Contract	Run focused CENSOR truth contracts	2026-09-30T21:55:16.9493710Z SIDERA vs JPL Horizons - 280 vectors over 40 epoch/site combinations (2000-2050)
Fast Contract	Run focused CENSOR truth contracts	2026-09-30T21:55:16.9494439Z body        max dev (arcsec)    gate    margin  worst vector
Fast Contract	Run focused CENSOR truth contracts	2026-09-30T21:55:16.9495050Z sun                    2.029    10.0     7.971  longyearbyen 2026-07-26T22:00:00Z
Fast Contract	Run focused CENSOR truth contracts	2026-09-30T21:55:16.9495829Z moon                  14.081    30.0    15.919  tromso 2008-11-14T00:00:00Z [30-day window sweep]
Fast Contract	Run focused CENSOR truth contracts	2026-09-30T21:55:16.9496750Z mercury                2.033    60.0    57.967  longyearbyen 2026-07-26T22:00:00Z
Fast Contract	Run focused CENSOR truth contracts	2026-09-30T21:55:16.9497418Z venus                  2.088    60.0    57.912  longyearbyen 2026-07-26T22:00:00Z
Fast Contract	Run focused CENSOR truth contracts	2026-09-30T21:55:16.9498089Z mars                   1.977    60.0    58.023  longyearbyen 2026-07-26T22:00:00Z
Fast Contract	Run focused CENSOR truth contracts	2026-09-30T21:55:16.9498782Z jupiter                2.001    60.0    57.999  longyearbyen 2026-07-26T22:00:00Z
Fast Contract	Run focused CENSOR truth contracts	2026-09-30T21:55:16.9499479Z saturn                 2.127    60.0    57.873  longyearbyen 2026-07-26T22:00:00Z
Fast Contract	Run focused CENSOR truth contracts	2026-09-30T21:55:16.9500421Z sun (NOAA)            44.484       -         -  mauna_kea 2035-09-23T03:00:00Z   [pre-SIDERA baseline, src/lighting/ephemeris.rs]
Fast Contract	Run focused CENSOR truth contracts	2026-09-30T21:55:16.9501454Z moon illuminated fraction max |err| 0.000064 (gate 0.005); semidiameter max |err| 0.1066" (gate 1.0")
Fast Contract	Run focused CENSOR truth contracts	2026-09-30T21:55:16.9502224Z PASSED [ 77%]
Fast Contract	Run focused CENSOR truth contracts	2026-09-30T21:55:16.9568005Z tests/test_astro_ephemeris.py::test_delta_t_matches_the_horizons_time_scale_columns 
Fast Contract	Run focused CENSOR truth contracts	2026-09-30T21:55:16.9569241Z delta-T (TT-UT1) vs Horizons over 612 epochs: max |residual| 0.006569 s (declared gate 0.0066 s) at 2005-03-15T00:00:00Z
Fast Contract	Run focused CENSOR truth contracts	2026-09-30T21:55:16.9570999Z PASSED [ 77%]
Fast Contract	Run focused CENSOR truth contracts	2026-09-30T21:55:16.9803496Z tests/test_astro_ephemeris.py::test_observation_sets_every_rendered_body_and_star_catalog PASSED [ 77%]
Fast Contract	Run focused CENSOR truth contracts	2026-09-30T21:55:17.0009303Z tests/test_astro_ephemeris.py::test_observation_routes_to_active_subprocess_viewer PASSED [ 77%]
Fast Contract	Run focused CENSOR truth contracts	2026-09-30T21:55:17.0210601Z tests/test_astro_ephemeris.py::test_observation_replays_when_viewer_opens_later PASSED [ 77%]
Fast Contract	Run focused CENSOR truth contracts	2026-09-30T21:55:17.0416091Z tests/test_astro_ephemeris.py::test_observation_replay_survives_viewer_restart PASSED [ 78%]
Fast Contract	Run focused CENSOR truth contracts	2026-09-30T21:55:17.0423147Z tests/test_astro_ephemeris.py::test_temporary_viewer_restores_previous_observation_target PASSED [ 78%]
Fast Contract	Run focused CENSOR truth contracts	2026-09-30T21:55:17.0429949Z tests/test_astro_ephemeris.py::test_promoted_viewer_replay_failure_is_cleanup_safe_and_retryable PASSED [ 78%]
Fast Contract	Run focused CENSOR truth contracts	2026-09-30T21:55:17.0436252Z tests/test_astro_ephemeris.py::test_viewer_close_keeps_replay_cleanup_best_effort PASSED [ 78%]
Fast Contract	Run focused CENSOR truth contracts	2026-09-30T21:55:17.0442721Z tests/test_astro_ephemeris.py::test_blocking_viewer_keeps_direct_launch_without_observation PASSED [ 78%]
Fast Contract	Run focused CENSOR truth contracts	2026-09-30T21:55:17.0644034Z tests/test_astro_ephemeris.py::test_observation_aware_blocking_snapshot_closes_after_capture PASSED [ 78%]
Fast Contract	Run focused CENSOR truth contracts	2026-09-30T21:55:17.0847940Z tests/test_astro_ephemeris.py::test_manual_sun_success_clears_stale_observation_replay[command0] PASSED [ 79%]
Fast Contract	Run focused CENSOR truth contracts	2026-09-30T21:55:17.1056737Z tests/test_astro_ephemeris.py::test_manual_sun_success_clears_stale_observation_replay[command1] PASSED [ 79%]
Fast Contract	Run focused CENSOR truth contracts	2026-09-30T21:55:17.1262041Z tests/test_astro_ephemeris.py::test_manual_sun_success_clears_stale_observation_replay[command2] PASSED [ 79%]
Fast Contract	Run focused CENSOR truth contracts	2026-09-30T21:55:17.1467309Z tests/test_astro_ephemeris.py::test_manual_sun_success_clears_stale_observation_replay[command3] PASSED [ 79%]
Fast Contract	Run focused CENSOR truth contracts	2026-09-30T21:55:17.1677049Z tests/test_astro_ephemeris.py::test_manual_sun_success_clears_stale_observation_replay[command4] PASSED [ 79%]
Fast Contract	Run focused CENSOR truth contracts	2026-09-30T21:55:17.1881635Z tests/test_astro_ephemeris.py::test_non_sun_terrain_success_preserves_observation_replay PASSED [ 79%]
Fast Contract	Run focused CENSOR truth contracts	2026-09-30T21:55:17.2089165Z tests/test_astro_ephemeris.py::test_inactive_viewer_manual_sun_preserves_active_viewer_replay PASSED [ 80%]
Fast Contract	Run focused CENSOR truth contracts	2026-09-30T21:55:17.2293373Z tests/test_astro_ephemeris.py::test_rejected_manual_terrain_sun_preserves_observation_replay PASSED [ 80%]
Fast Contract	Run focused CENSOR truth contracts	2026-09-30T21:55:17.2300705Z tests/test_astro_ephemeris.py::test_observation_can_preseed_viewer_without_native PASSED [ 80%]
Fast Contract	Run focused CENSOR truth contracts	2026-09-30T21:55:17.2307135Z tests/test_astro_ephemeris.py::test_invalid_or_out_of_window_inputs_raise PASSED [ 80%]
Fast Contract	Run focused CENSOR truth contracts	2026-09-30T21:55:17.2618429Z tests/test_astro_ephemeris.py::test_sidereal_time_matches_the_independent_usno_formula 
Fast Contract	Run focused CENSOR truth contracts	2026-09-30T21:55:17.2619766Z GMST: native sweep 0.008494 s over 1694 samples; public-API cross-check 0.008443 s over 104 epochs (gate 0.1 s, worst 2050-10-02T13:00:00+00:00)
Fast Contract	Run focused CENSOR truth contracts	2026-09-30T21:55:17.2620741Z PASSED [ 80%]
Fast Contract	Run focused CENSOR truth contracts	2026-09-30T21:55:17.2909718Z tests/test_astro_ephemeris.py::test_refraction_matches_bennett_at_five_degrees_apparent 
Fast Contract	Run focused CENSOR truth contracts	2026-09-30T21:55:17.2910984Z refraction at 5 deg apparent: SIDERA (Saemundsson, inverted) 9.9205' vs Bennett 9.8831' -> |delta| 0.0373' (gate 0.2')
Fast Contract	Run focused CENSOR truth contracts	2026-09-30T21:55:17.2911854Z PASSED [ 80%]
Fast Contract	Run focused CENSOR truth contracts	2026-09-30T21:55:17.2919369Z tests/test_astro_ephemeris.py::test_refraction_rejects_non_finite_altitude[nan] PASSED [ 80%]
Fast Contract	Run focused CENSOR truth contracts	2026-09-30T21:55:17.2926752Z tests/test_astro_ephemeris.py::test_refraction_rejects_non_finite_altitude[inf] PASSED [ 81%]
Fast Contract	Run focused CENSOR truth contracts	2026-09-30T21:55:17.2933760Z tests/test_astro_ephemeris.py::test_refraction_rejects_non_finite_altitude[-inf] PASSED [ 81%]
Fast Contract	Run focused CENSOR truth contracts	2026-09-30T21:55:17.3220896Z tests/test_astro_ephemeris.py::test_reduction_ablation_gates 
Fast Contract	Run focused CENSOR truth contracts	2026-09-30T21:55:17.3222109Z ablation, precession removed from the 2026-epoch star pipeline (9096 stars): max 22.270', median 18.651', min 0.304' (gate > 20')
Fast Contract	Run focused CENSOR truth contracts	2026-09-30T21:55:17.3223192Z ablation, lunar parallax removed: 53.362' (gate > 30')
Fast Contract	Run focused CENSOR truth contracts	2026-09-30T21:55:17.3227023Z PASSED      [ 81%]
Fast Contract	Run focused CENSOR truth contracts	2026-09-30T21:55:17.3232917Z tests/test_astro_ephemeris.py::test_set_sun_handler_is_live_not_print_only PASSED [ 81%]
Fast Contract	Run focused CENSOR truth contracts	2026-09-30T21:55:17.3260766Z tests/test_astro_ephemeris.py::test_sidera_reference_probe_requires_physical_nvidia_vulkan PASSED [ 81%]
Fast Contract	Run focused CENSOR truth contracts	2026-09-30T21:55:17.3268086Z tests/test_astro_ephemeris.py::test_snapshot_sky_uses_dedicated_camera_and_motion_coverage_union PASSED [ 81%]
Fast Contract	Run focused CENSOR truth contracts	2026-09-30T21:55:17.3292806Z tests/test_astro_ephemeris.py::test_sidera_assets_stay_under_two_mebibytes_and_match_their_manifest PASSED [ 82%]
Fast Contract	Run focused CENSOR truth contracts	2026-09-30T21:55:17.3307938Z tests/test_astro_ephemeris.py::test_horizons_oracle_manifest_locks_payload_and_generation_settings PASSED [ 82%]
Fast Contract	Run focused CENSOR truth contracts	2026-09-30T21:55:17.4921447Z tests/test_astro_ephemeris.py::test_manifest_truncation_budgets_are_gates_not_prose 
Fast Contract	Run focused CENSOR truth contracts	2026-09-30T21:55:17.4922064Z manifest declared budgets vs measured maxima:
Fast Contract	Run focused CENSOR truth contracts	2026-09-30T21:55:17.4922555Z   vsop87d.bin      max_horizons_position_error_arcsec =   3.00"  measured  2.127"
Fast Contract	Run focused CENSOR truth contracts	2026-09-30T21:55:17.4923557Z   moon_terms.bin   max_horizons_topocentric_position_error_arcsec =  14.10"  measured 14.081"
Fast Contract	Run focused CENSOR truth contracts	2026-09-30T21:55:17.4924661Z PASSED [ 82%]
Fast Contract	Run focused CENSOR truth contracts	2026-09-30T21:55:17.5262585Z tests/test_determinism_matrix.py::test_matrix_rejects_zero_hardware_hashes PASSED [ 82%]
Fast Contract	Run focused CENSOR truth contracts	2026-09-30T21:55:17.5591293Z tests/test_determinism_matrix.py::test_missing_primary_golden_is_a_configuration_error PASSED [ 82%]
Fast Contract	Run focused CENSOR truth contracts	2026-09-30T21:55:17.5600162Z tests/test_determinism_matrix.py::test_hosted_apple_virtual_adapter_is_a_nonblocking_gated_failure PASSED [ 82%]
Fast Contract	Run focused CENSOR truth contracts	2026-09-30T21:55:17.5930486Z tests/test_determinism_matrix.py::test_matrix_accepts_documented_gated_infrastructure_failure PASSED [ 83%]
Fast Contract	Run focused CENSOR truth contracts	2026-09-30T21:55:17.6257702Z tests/test_determinism_matrix.py::test_matrix_rejects_unattributed_hash PASSED [ 83%]
Fast Contract	Run focused CENSOR truth contracts	2026-09-30T21:55:17.6587361Z tests/test_determinism_matrix.py::test_matrix_rejects_virtualized_adapter_metadata PASSED [ 83%]
Fast Contract	Run focused CENSOR truth contracts	2026-09-30T21:55:17.6918044Z tests/test_determinism_matrix.py::test_matrix_rejects_software_adapter_metadata PASSED [ 83%]
Fast Contract	Run focused CENSOR truth contracts	2026-09-30T21:55:17.7247920Z tests/test_determinism_matrix.py::test_matrix_rejects_incomplete_or_nonphysical_adapter_metadata[name-] PASSED [ 83%]
Fast Contract	Run focused CENSOR truth contracts	2026-09-30T21:55:17.7571810Z tests/test_determinism_matrix.py::test_matrix_rejects_incomplete_or_nonphysical_adapter_metadata[name-7] PASSED [ 83%]
Fast Contract	Run focused CENSOR truth contracts	2026-09-30T21:55:17.7888619Z tests/test_determinism_matrix.py::test_matrix_rejects_incomplete_or_nonphysical_adapter_metadata[backend-] PASSED [ 84%]
Fast Contract	Run focused CENSOR truth contracts	2026-09-30T21:55:17.8199162Z tests/test_determinism_matrix.py::test_matrix_rejects_incomplete_or_nonphysical_adapter_metadata[device_type-] PASSED [ 84%]
Fast Contract	Run focused CENSOR truth contracts	2026-09-30T21:55:17.8515602Z tests/test_determinism_matrix.py::test_matrix_rejects_incomplete_or_nonphysical_adapter_metadata[device_type-Cpu] PASSED [ 84%]
Fast Contract	Run focused CENSOR truth contracts	2026-09-30T21:55:17.8832122Z tests/test_determinism_matrix.py::test_matrix_rejects_incomplete_or_nonphysical_adapter_metadata[device_type-VirtualGpu] PASSED [ 84%]
Fast Contract	Run focused CENSOR truth contracts	2026-09-30T21:55:17.9140251Z tests/test_determinism_matrix.py::test_matrix_rejects_incomplete_or_nonphysical_adapter_metadata[device_type-Other] PASSED [ 84%]
Fast Contract	Run focused CENSOR truth contracts	2026-09-30T21:55:17.9450099Z tests/test_determinism_matrix.py::test_matrix_rejects_incomplete_or_nonphysical_adapter_metadata[software_fallback-0] PASSED [ 84%]
Fast Contract	Run focused CENSOR truth contracts	2026-09-30T21:55:17.9760043Z tests/test_determinism_matrix.py::test_matrix_rejects_incomplete_or_nonphysical_adapter_metadata[software_fallback-false] PASSED [ 85%]
Fast Contract	Run focused CENSOR truth contracts	2026-09-30T21:55:18.0080105Z tests/test_determinism_matrix.py::test_matrix_accepts_matching_hardware_hash_with_documented_gated_failure PASSED [ 85%]
Fast Contract	Run focused CENSOR truth contracts	2026-09-30T21:55:18.0398452Z tests/test_determinism_matrix.py::test_matrix_rejects_conflicting_native_result_artifacts PASSED [ 85%]
Fast Contract	Run focused CENSOR truth contracts	2026-09-30T21:55:18.0717144Z tests/test_determinism_matrix.py::test_matrix_rejects_golden_or_pairwise_mismatch[eeeeeeeeeeeeeeeeeeeeeeeeeeeeeeeeeeeeeeeeeeeeeeeeeeeeeeeeeeeeeeee] PASSED [ 85%]
Fast Contract	Run focused CENSOR truth contracts	2026-09-30T21:55:18.1033073Z tests/test_determinism_matrix.py::test_matrix_rejects_golden_or_pairwise_mismatch[ffffffffffffffffffffffffffffffffffffffffffffffffffffffffffffffff] PASSED [ 85%]
Fast Contract	Run focused CENSOR truth contracts	2026-09-30T21:55:18.1342625Z tests/test_determinism_matrix.py::test_required_leg_absent_fails PASSED  [ 85%]
Fast Contract	Run focused CENSOR truth contracts	2026-09-30T21:55:18.1657315Z tests/test_determinism_matrix.py::test_required_leg_failed_fails PASSED  [ 86%]
Fast Contract	Run focused CENSOR truth contracts	2026-09-30T21:55:18.1969948Z tests/test_determinism_matrix.py::test_required_leg_missing_artifact_fails PASSED [ 86%]
Fast Contract	Run focused CENSOR truth contracts	2026-09-30T21:55:18.2286261Z tests/test_determinism_matrix.py::test_required_leg_paravirtual_failure_is_documented_absence PASSED [ 86%]
Fast Contract	Run focused CENSOR truth contracts	2026-09-30T21:55:18.2601235Z tests/test_determinism_matrix.py::test_required_non_apple_leg_cannot_claim_paravirtual_exception PASSED [ 86%]
Fast Contract	Run focused CENSOR truth contracts	2026-09-30T21:55:18.2908528Z tests/test_determinism_matrix.py::test_required_leg_produced_passes PASSED [ 86%]
Fast Contract	Run focused CENSOR truth contracts	2026-09-30T21:55:18.3214652Z tests/test_determinism_matrix.py::test_required_browser_leg_missing_fails PASSED [ 86%]
Fast Contract	Run focused CENSOR truth contracts	2026-09-30T21:55:18.3527324Z tests/test_determinism_matrix.py::test_browser_leg_canaries_checked_against_goldens PASSED [ 86%]
Fast Contract	Run focused CENSOR truth contracts	2026-09-30T21:55:18.3835996Z tests/test_determinism_matrix.py::test_browser_leg_probe_mismatch_fails PASSED [ 87%]
Fast Contract	Run focused CENSOR truth contracts	2026-09-30T21:55:18.4142364Z tests/test_determinism_matrix.py::test_browser_leg_raster_mismatch_fails PASSED [ 87%]
Fast Contract	Run focused CENSOR truth contracts	2026-09-30T21:55:18.4452156Z tests/test_determinism_matrix.py::test_browser_leg_rejects_failed_metadata_with_stale_hashes PASSED [ 87%]
Fast Contract	Run focused CENSOR truth contracts	2026-09-30T21:55:18.4765353Z tests/test_determinism_matrix.py::test_browser_leg_requires_float32_raster_evidence PASSED [ 87%]
Fast Contract	Run focused CENSOR truth contracts	2026-09-30T21:55:18.5076156Z tests/test_determinism_matrix.py::test_browser_leg_binds_hash_sidecars_to_metadata PASSED [ 87%]
Fast Contract	Run focused CENSOR truth contracts	2026-09-30T21:55:18.5389663Z tests/test_determinism_matrix.py::test_produced_leg_missing_probe_fails_when_golden_given PASSED [ 87%]
Fast Contract	Run focused CENSOR truth contracts	2026-09-30T21:55:18.5696575Z tests/test_determinism_matrix.py::test_native_probe_software_fallback_contradicts_hardware_render PASSED [ 88%]
Fast Contract	Run focused CENSOR truth contracts	2026-09-30T21:55:18.5765078Z tests/test_determinism_matrix.py::test_nvidia_acceptance_binds_two_matching_frames_to_probe PASSED [ 88%]
Fast Contract	Run focused CENSOR truth contracts	2026-09-30T21:55:18.5784920Z tests/test_determinism_matrix.py::test_nvidia_acceptance_rejects_probe_render_identity_drift PASSED [ 88%]
Fast Contract	Run focused CENSOR truth contracts	2026-09-30T21:55:18.5804686Z tests/test_determinism_matrix.py::test_nvidia_acceptance_rejects_repeat_hash_drift PASSED [ 88%]
Fast Contract	Run focused CENSOR truth contracts	2026-09-30T21:55:18.5823654Z tests/test_determinism_matrix.py::test_nvidia_acceptance_requires_strict_physical_vulkan_identity[backend-Dx12] PASSED [ 88%]
Fast Contract	Run focused CENSOR truth contracts	2026-09-30T21:55:18.5842426Z tests/test_determinism_matrix.py::test_nvidia_acceptance_requires_strict_physical_vulkan_identity[device_type-IntegratedGpu] PASSED [ 88%]
Fast Contract	Run focused CENSOR truth contracts	2026-09-30T21:55:18.5861001Z tests/test_determinism_matrix.py::test_nvidia_acceptance_requires_strict_physical_vulkan_identity[vendor-4098] PASSED [ 89%]
Fast Contract	Run focused CENSOR truth contracts	2026-09-30T21:55:18.5879854Z tests/test_determinism_matrix.py::test_nvidia_acceptance_requires_strict_physical_vulkan_identity[name-AMD Radeon RX 7900 XT] PASSED [ 89%]
Fast Contract	Run focused CENSOR truth contracts	2026-09-30T21:55:18.5899974Z tests/test_determinism_matrix.py::test_nvidia_acceptance_requires_strict_physical_vulkan_identity[device-not-a-device] PASSED [ 89%]
Fast Contract	Run focused CENSOR truth contracts	2026-09-30T21:55:18.5918564Z tests/test_determinism_matrix.py::test_nvidia_acceptance_requires_strict_physical_vulkan_identity[device--1] PASSED [ 89%]
Fast Contract	Run focused CENSOR truth contracts	2026-09-30T21:55:18.5937363Z tests/test_determinism_matrix.py::test_nvidia_acceptance_requires_strict_physical_vulkan_identity[software_fallback-True] PASSED [ 89%]
Fast Contract	Run focused CENSOR truth contracts	2026-09-30T21:55:18.5952337Z tests/test_determinism_matrix.py::test_determinism_record_persists_strict_adapter_identity PASSED [ 89%]
Fast Contract	Run focused CENSOR truth contracts	2026-09-30T21:55:18.5960599Z tests/test_determinism_matrix.py::test_render_acceptance_required_legs PASSED [ 90%]
Fast Contract	Run focused CENSOR truth contracts	2026-09-30T21:55:18.5968230Z tests/test_determinism_matrix.py::test_matrix_reuses_caller_wheels_instead_of_rebuilding_extensions PASSED [ 90%]
Fast Contract	Run focused CENSOR truth contracts	2026-09-30T21:55:18.5975310Z tests/test_determinism_matrix.py::test_shadow_shader_classifier_is_retained_without_pr_path_gating PASSED [ 90%]
Fast Contract	Run focused CENSOR truth contracts	2026-09-30T21:55:18.5981530Z tests/test_determinism_matrix.py::test_f3dz_stream_hashes_run_on_two_hosted_platforms PASSED [ 90%]
Fast Contract	Run focused CENSOR truth contracts	2026-09-30T21:55:18.5990131Z tests/test_determinism_matrix.py::test_browser_job_executes_real_webgpu_leg PASSED [ 90%]
Fast Contract	Run focused CENSOR truth contracts	2026-09-30T21:55:18.6351360Z tests/test_determinism_matrix.py::test_dupla_aggregation_accepts_verified_and_explicit_absence PASSED [ 90%]
Fast Contract	Run focused CENSOR truth contracts	2026-09-30T21:55:18.7048611Z tests/test_determinism_matrix.py::test_dupla_aggregation_rejects_failed_or_missing_proof PASSED [ 91%]
Fast Contract	Run focused CENSOR truth contracts	2026-09-30T21:55:18.7419807Z tests/test_determinism_matrix.py::test_dupla_aggregation_rejects_invalid_evidence PASSED [ 91%]
Fast Contract	Run focused CENSOR truth contracts	2026-09-30T21:55:18.7440574Z tests/test_no_silent_degradation.py::test_a_committed_certificates_have_no_unallowlisted_degradations PASSED [ 91%]
Fast Contract	Run focused CENSOR truth contracts	2026-09-30T21:55:19.0902763Z tests/test_no_silent_degradation.py::test_b_zero_raw_allocation_sites PASSED [ 91%]
Fast Contract	Run focused CENSOR truth contracts	2026-09-30T21:55:19.2752159Z tests/test_no_silent_degradation.py::test_c_every_feature_referenced_and_ci_list_curated PASSED [ 91%]
Fast Contract	Run focused CENSOR truth contracts	2026-09-30T21:55:19.2757664Z tests/test_no_silent_degradation.py::test_clippy_alias_feature_parser_accepts_string_and_array_forms PASSED [ 91%]
Fast Contract	Run focused CENSOR truth contracts	2026-09-30T21:55:19.2765138Z tests/test_no_silent_degradation.py::test_d_aether_bake_api_is_feature_gated_and_runtime_surface_is_shipped PASSED [ 92%]
Fast Contract	Run focused CENSOR truth contracts	2026-09-30T21:55:19.2774427Z tests/test_no_silent_degradation.py::test_d_wheel_features_and_native_gis_backends_are_honest PASSED [ 92%]
Fast Contract	Run focused CENSOR truth contracts	2026-09-30T21:55:19.3004104Z tests/test_no_silent_degradation.py::test_e_validation_profiles_are_exhaustive_and_honest PASSED [ 92%]
Fast Contract	Run focused CENSOR truth contracts	2026-09-30T21:55:19.3106658Z tests/test_no_silent_degradation.py::test_e_slow_lane_is_marker_selected_and_accounted PASSED [ 92%]
Fast Contract	Run focused CENSOR truth contracts	2026-09-30T21:55:19.3115400Z tests/test_no_silent_degradation.py::test_e_anamnesis_physical_jobs_are_acceptance_scoped_honestly PASSED [ 92%]
Fast Contract	Run focused CENSOR truth contracts	2026-09-30T21:55:19.3124110Z tests/test_no_silent_degradation.py::test_f_backend_golden_variants_are_explicit_and_fail_closed PASSED [ 92%]
Fast Contract	Run focused CENSOR truth contracts	2026-09-30T21:55:19.3159053Z tests/test_no_silent_degradation.py::test_f_nvidia_visual_acceptance_is_physical_and_fail_closed PASSED [ 93%]
Fast Contract	Run focused CENSOR truth contracts	2026-09-30T21:55:19.3196899Z tests/test_no_silent_degradation.py::test_f_pr_core_is_lightweight_and_full_profiles_are_acceptance_only PASSED [ 93%]
Fast Contract	Run focused CENSOR truth contracts	2026-09-30T21:55:19.3233396Z tests/test_no_silent_degradation.py::test_substratia_physical_evidence_is_exact_head_and_cannot_be_bypassed PASSED [ 93%]
Fast Contract	Run focused CENSOR truth contracts	2026-09-30T21:55:19.3245525Z tests/test_no_silent_degradation.py::test_nephele_provenance_lanes_fetch_complete_reference_history PASSED [ 93%]
Fast Contract	Run focused CENSOR truth contracts	2026-09-30T21:55:19.3325175Z tests/test_no_silent_degradation.py::test_nephele_physical_exclusion_is_one_hosted_site_and_six_required_gates PASSED [ 93%]
Fast Contract	Run focused CENSOR truth contracts	2026-09-30T21:55:19.3650736Z tests/test_substratia_evidence_report.py::test_valid_physical_evidence_writes_bound_pass_and_lane_marker PASSED [ 93%]
Fast Contract	Run focused CENSOR truth contracts	2026-09-30T21:55:19.3790680Z tests/test_substratia_evidence_report.py::test_candidate_sha_must_be_explicit_exact_clean_head[HEAD] PASSED [ 93%]
Fast Contract	Run focused CENSOR truth contracts	2026-09-30T21:55:19.3928630Z tests/test_substratia_evidence_report.py::test_candidate_sha_must_be_explicit_exact_clean_head[abc123] PASSED [ 94%]
Fast Contract	Run focused CENSOR truth contracts	2026-09-30T21:55:19.4066981Z tests/test_substratia_evidence_report.py::test_candidate_sha_must_be_explicit_exact_clean_head[AAAAAAAAAAAAAAAAAAAAAAAAAAAAAAAAAAAAAAAA] PASSED [ 94%]
Fast Contract	Run focused CENSOR truth contracts	2026-09-30T21:55:19.4212423Z tests/test_substratia_evidence_report.py::test_candidate_sha_must_be_explicit_exact_clean_head[0000000000000000000000000000000000000000] PASSED [ 94%]
Fast Contract	Run focused CENSOR truth contracts	2026-09-30T21:55:19.4383885Z tests/test_substratia_evidence_report.py::test_tracked_dirty_tree_is_rejected PASSED [ 94%]
Fast Contract	Run focused CENSOR truth contracts	2026-09-30T21:55:19.4562652Z tests/test_substratia_evidence_report.py::test_software_virtual_and_paravirtual_adapters_are_rejected[virtualgpu-Virtual GPU] PASSED [ 94%]
Fast Contract	Run focused CENSOR truth contracts	2026-09-30T21:55:19.4736837Z tests/test_substratia_evidence_report.py::test_software_virtual_and_paravirtual_adapters_are_rejected[integratedgpu-llvmpipe] PASSED [ 94%]
Fast Contract	Run focused CENSOR truth contracts	2026-09-30T21:55:19.4910064Z tests/test_substratia_evidence_report.py::test_software_virtual_and_paravirtual_adapters_are_rejected[discretegpu-Paravirtual Vulkan Device] PASSED [ 95%]
Fast Contract	Run focused CENSOR truth contracts	2026-09-30T21:55:19.5083280Z tests/test_substratia_evidence_report.py::test_software_virtual_and_paravirtual_adapters_are_rejected[cpu-Apple CPU] PASSED [ 95%]
Fast Contract	Run focused CENSOR truth contracts	2026-09-30T21:55:19.5259604Z tests/test_substratia_evidence_report.py::test_wrong_backend_is_rejected PASSED [ 95%]
Fast Contract	Run focused CENSOR truth contracts	2026-09-30T21:55:19.5443987Z tests/test_substratia_evidence_report.py::test_nvidia_probe_must_explicitly_reject_software_fallback[True] PASSED [ 95%]
Fast Contract	Run focused CENSOR truth contracts	2026-09-30T21:55:19.5629020Z tests/test_substratia_evidence_report.py::test_nvidia_probe_must_explicitly_reject_software_fallback[None] PASSED [ 95%]
Fast Contract	Run focused CENSOR truth contracts	2026-09-30T21:55:19.5803022Z tests/test_substratia_evidence_report.py::test_nvidia_probe_requires_discrete_gpu PASSED [ 95%]
Fast Contract	Run focused CENSOR truth contracts	2026-09-30T21:55:19.5978229Z tests/test_substratia_evidence_report.py::test_nvidia_name_cannot_spoof_non_nvidia_vendor PASSED [ 96%]
Fast Contract	Run focused CENSOR truth contracts	2026-09-30T21:55:19.6152069Z tests/test_substratia_evidence_report.py::test_nvidia_vendor_cannot_spoof_non_nvidia_name PASSED [ 96%]
Fast Contract	Run focused CENSOR truth contracts	2026-09-30T21:55:19.6328271Z tests/test_substratia_evidence_report.py::test_render_process_adapter_must_match_workflow_probe PASSED [ 96%]
Fast Contract	Run focused CENSOR truth contracts	2026-09-30T21:55:19.6551613Z tests/test_substratia_evidence_report.py::test_corrupt_png_crc_is_rejected PASSED [ 96%]
Fast Contract	Run focused CENSOR truth contracts	2026-09-30T21:55:19.6755066Z tests/test_substratia_evidence_report.py::test_artifact_golden_must_be_candidate_tracked_bytes PASSED [ 96%]
Fast Contract	Run focused CENSOR truth contracts	2026-09-30T21:55:19.6932166Z tests/test_substratia_evidence_report.py::test_noncanonical_golden_filename_is_rejected PASSED [ 96%]
Fast Contract	Run focused CENSOR truth contracts	2026-09-30T21:55:19.7221749Z tests/test_substratia_evidence_report.py::test_declared_image_metrics_are_recomputed PASSED [ 97%]
Fast Contract	Run focused CENSOR truth contracts	2026-09-30T21:55:19.7510922Z tests/test_substratia_evidence_report.py::test_declared_rgba_hash_is_recomputed_from_decoded_pixels PASSED [ 97%]
Fast Contract	Run focused CENSOR truth contracts	2026-09-30T21:55:19.7803771Z tests/test_substratia_evidence_report.py::test_actual_image_cannot_be_replaced_while_keeping_claimed_hash PASSED [ 97%]
Fast Contract	Run focused CENSOR truth contracts	2026-09-30T21:55:19.8116303Z tests/test_substratia_evidence_report.py::test_junit_requires_each_core_test_to_pass[failure] PASSED [ 97%]
Fast Contract	Run focused CENSOR truth contracts	2026-09-30T21:55:19.8428978Z tests/test_substratia_evidence_report.py::test_junit_requires_each_core_test_to_pass[error] PASSED [ 97%]
Fast Contract	Run focused CENSOR truth contracts	2026-09-30T21:55:19.8746390Z tests/test_substratia_evidence_report.py::test_junit_requires_each_core_test_to_pass[skipped] PASSED [ 97%]
Fast Contract	Run focused CENSOR truth contracts	2026-09-30T21:55:19.9054207Z tests/test_substratia_evidence_report.py::test_junit_requires_all_four_exact_core_tests PASSED [ 98%]
Fast Contract	Run focused CENSOR truth contracts	2026-09-30T21:55:19.9361776Z tests/test_substratia_evidence_report.py::test_non_image_claims_have_hard_negative_controls[zero_family-no resident bytes] PASSED [ 98%]
Fast Contract	Run focused CENSOR truth contracts	2026-09-30T21:55:19.9669176Z tests/test_substratia_evidence_report.py::test_non_image_claims_have_hard_negative_controls[family_over_budget-exceeds its family budget] PASSED [ 98%]
Fast Contract	Run focused CENSOR truth contracts	2026-09-30T21:55:19.9980054Z tests/test_substratia_evidence_report.py::test_non_image_claims_have_hard_negative_controls[total_over_budget-512 MiB] PASSED [ 98%]
Fast Contract	Run focused CENSOR truth contracts	2026-09-30T21:55:20.0283560Z tests/test_substratia_evidence_report.py::test_non_image_claims_have_hard_negative_controls[missing_not_fatal-fatal diagnostic] PASSED [ 98%]
Fast Contract	Run focused CENSOR truth contracts	2026-09-30T21:55:20.0597400Z tests/test_substratia_evidence_report.py::test_non_image_claims_have_hard_negative_controls[partial_corrupt-fallback is corrupted] PASSED [ 98%]
Fast Contract	Run focused CENSOR truth contracts	2026-09-30T21:55:20.0774554Z tests/test_substratia_evidence_report.py::test_failed_verification_never_writes_ran_or_pass_markers PASSED [ 99%]
Fast Contract	Run focused CENSOR truth contracts	2026-09-30T21:55:20.0809044Z tests/test_orbis_task6_contracts.py::test_geographic_root_leaf_and_overview_selection PASSED [ 99%]
Fast Contract	Run focused CENSOR truth contracts	2026-09-30T21:55:20.0834164Z tests/test_orbis_task6_contracts.py::test_projected_cog_maps_global_tile_through_source_crs PASSED [ 99%]
Fast Contract	Run focused CENSOR truth contracts	2026-09-30T21:55:20.0863438Z tests/test_orbis_task6_contracts.py::test_rotated_utm_bounds_retain_densified_edge_extrema PASSED [ 99%]
Fast Contract	Run focused CENSOR truth contracts	2026-09-30T21:55:20.0887512Z tests/test_orbis_task6_contracts.py::test_throttled_remote_cog_runtime_keeps_io_driven SKIPPED [ 99%]
Fast Contract	Run focused CENSOR truth contracts	2026-09-30T21:55:20.0903674Z tests/test_orbis_task6_contracts.py::test_missing_geotiff_crs_is_an_explicit_open_error PASSED [ 99%]
Fast Contract	Run focused CENSOR truth contracts	2026-09-30T21:55:20.1260905Z tests/test_orbis_task6_contracts.py::test_cog_streaming_flat_and_globe_apis_are_explicit_and_unclamped PASSED [100%]
Fast Contract	Run focused CENSOR truth contracts	2026-09-30T21:55:20.1261484Z 
Fast Contract	Run focused CENSOR truth contracts	2026-09-30T21:55:20.1261820Z =================================== FAILURES ===================================
Fast Contract	Run focused CENSOR truth contracts	2026-09-30T21:55:20.1262320Z ________ test_tracked_approved_fixture_verifies_and_inventory_is_exact _________
Fast Contract	Run focused CENSOR truth contracts	2026-09-30T21:55:20.1262969Z tests/test_nephele_evidence_report.py:1562: in test_tracked_approved_fixture_verifies_and_inventory_is_exact
Fast Contract	Run focused CENSOR truth contracts	2026-09-30T21:55:20.1263556Z     assert convergence["metrics"] == convergence_record["metrics"]
Fast Contract	Run focused CENSOR truth contracts	2026-09-30T21:55:20.1264084Z E   AssertionError: assert {'gate3_sky_c...1464354527938} == {'gate3_godra...1464354527938}
Fast Contract	Run focused CENSOR truth contracts	2026-09-30T21:55:20.1264520Z E     
Fast Contract	Run focused CENSOR truth contracts	2026-09-30T21:55:20.1264769Z E     Omitting 2 identical items, use -vv to show
Fast Contract	Run focused CENSOR truth contracts	2026-09-30T21:55:20.1265105Z E     Differing items:
Fast Contract	Run focused CENSOR truth contracts	2026-09-30T21:55:20.1265518Z E     {'gate3_godray_roi_ssim': np.float64(0.9942275395295544)} != {'gate3_godray_roi_ssim': 0.9942275395295402}
Fast Contract	Run focused CENSOR truth contracts	2026-09-30T21:55:20.1266528Z E     
Fast Contract	Run focused CENSOR truth contracts	2026-09-30T21:55:20.1266722Z E     Full diff:
Fast Contract	Run focused CENSOR truth contracts	2026-09-30T21:55:20.1266964Z E       {
Fast Contract	Run focused CENSOR truth contracts	2026-09-30T21:55:20.1267200Z E     -     'gate3_godray_roi_ssim': 0.9942275395295402,
Fast Contract	Run focused CENSOR truth contracts	2026-09-30T21:55:20.1267586Z E           'gate3_sky_cloud_delta_e_below_2_5_fraction': 1.0,
Fast Contract	Run focused CENSOR truth contracts	2026-09-30T21:55:20.1267987Z E     +     'gate3_godray_roi_ssim': np.float64(0.9942275395295544),
Fast Contract	Run focused CENSOR truth contracts	2026-09-30T21:55:20.1268558Z E           'gate4_cloud_shadow_terrain_delta_e_below_2_fraction': 0.9961464354527938,
Fast Contract	Run focused CENSOR truth contracts	2026-09-30T21:55:20.1268972Z E       }
Fast Contract	Run focused CENSOR truth contracts	2026-09-30T21:55:20.1269234Z =========================== short test summary info ============================
Fast Contract	Run focused CENSOR truth contracts	2026-09-30T21:55:20.1270076Z FAILED tests/test_nephele_evidence_report.py::test_tracked_approved_fixture_verifies_and_inventory_is_exact - AssertionError: assert {'gate3_sky_c...1464354527938} == {'gate3_godra...1464354527938}
Fast Contract	Run focused CENSOR truth contracts	2026-09-30T21:55:20.1270839Z   
Fast Contract	Run focused CENSOR truth contracts	2026-09-30T21:55:20.1271074Z   Omitting 2 identical items, use -vv to show
Fast Contract	Run focused CENSOR truth contracts	2026-09-30T21:55:20.1271395Z   Differing items:
Fast Contract	Run focused CENSOR truth contracts	2026-09-30T21:55:20.1271811Z   {'gate3_godray_roi_ssim': np.float64(0.9942275395295544)} != {'gate3_godray_roi_ssim': 0.9942275395295402}
Fast Contract	Run focused CENSOR truth contracts	2026-09-30T21:55:20.1272280Z   
Fast Contract	Run focused CENSOR truth contracts	2026-09-30T21:55:20.1272790Z   Full diff:
Fast Contract	Run focused CENSOR truth contracts	2026-09-30T21:55:20.1273022Z     {
Fast Contract	Run focused CENSOR truth contracts	2026-09-30T21:55:20.1273246Z   -     'gate3_godray_roi_ssim': 0.9942275395295402,
Fast Contract	Run focused CENSOR truth contracts	2026-09-30T21:55:20.1273604Z         'gate3_sky_cloud_delta_e_below_2_5_fraction': 1.0,
Fast Contract	Run focused CENSOR truth contracts	2026-09-30T21:55:20.1273961Z   +     'gate3_godray_roi_ssim': np.float64(0.9942275395295544),
Fast Contract	Run focused CENSOR truth contracts	2026-09-30T21:55:20.1274376Z         'gate4_cloud_shadow_terrain_delta_e_below_2_fraction': 0.9961464354527938,
Fast Contract	Run focused CENSOR truth contracts	2026-09-30T21:55:20.1274746Z     }
Fast Contract	Run focused CENSOR truth contracts	2026-09-30T21:55:20.1275034Z ===== 1 failed, 586 passed, 28 skipped, 1 deselected in 218.44s (0:03:38) ======
Fast Contract	Run focused CENSOR truth contracts	2026-09-30T21:55:20.1909371Z ##[error]y::test_junit_requires_each_core_test_to_pass[error] PASSED [ 97%]
Fast Contract	Run focused CENSOR truth contracts	tests/test_substratia_evidence_report.py::test_junit_requires_each_core_test_to_pass[skipped] PASSED [ 97%]
Fast Contract	Run focused CENSOR truth contracts	tests/test_substratia_evidence_report.py::test_junit_requires_all_four_exact_core_tests PASSED [ 98%]
Fast Contract	Run focused CENSOR truth contracts	tests/test_substratia_evidence_report.py::test_non_image_claims_have_hard_negative_controls[zero_family-no resident bytes] PASSED [ 98%]
Fast Contract	Run focused CENSOR truth contracts	tests/test_substratia_evidence_report.py::test_non_image_claims_have_hard_negative_controls[family_over_budget-exceeds its family budget] PASSED [ 98%]
Fast Contract	Run focused CENSOR truth contracts	tests/test_substratia_evidence_report.py::test_non_image_claims_have_hard_negative_controls[total_over_budget-512 MiB] PASSED [ 98%]
Fast Contract	Run focused CENSOR truth contracts	tests/test_substratia_evidence_report.py::test_non_image_claims_have_hard_negative_controls[missing_not_fatal-fatal diagnostic] PASSED [ 98%]
Fast Contract	Run focused CENSOR truth contracts	tests/test_substratia_evidence_report.py::test_non_image_claims_have_hard_negative_controls[partial_corrupt-fallback is corrupted] PASSED [ 98%]
Fast Contract	Run focused CENSOR truth contracts	tests/test_substratia_evidence_report.py::test_failed_verification_never_writes_ran_or_pass_markers PASSED [ 99%]
Fast Contract	Run focused CENSOR truth contracts	tests/test_orbis_task6_contracts.py::test_geographic_root_leaf_and_overview_selection PASSED [ 99%]
Fast Contract	Run focused CENSOR truth contracts	tests/test_orbis_task6_contracts.py::test_projected_cog_maps_global_tile_through_source_crs PASSED [ 99%]
Fast Contract	Run focused CENSOR truth contracts	tests/test_orbis_task6_contracts.py::test_rotated_utm_bounds_retain_densified_edge_extrema PASSED [ 99%]
Fast Contract	Run focused CENSOR truth contracts	tests/test_orbis_task6_contracts.py::test_throttled_remote_cog_runtime_keeps_io_driven SKIPPED [ 99%]
Fast Contract	Run focused CENSOR truth contracts	tests/test_orbis_task6_contracts.py::test_missing_geotiff_crs_is_an_explicit_open_error PASSED [ 99%]
Fast Contract	Run focused CENSOR truth contracts	tests/test_orbis_task6_contracts.py::test_cog_streaming_flat_and_globe_apis_are_explicit_and_unclamped PASSED [100%]
Fast Contract	Run focused CENSOR truth contracts	
Fast Contract	Run focused CENSOR truth contracts	=================================== FAILURES ===================================
Fast Contract	Run focused CENSOR truth contracts	________ test_tracked_approved_fixture_verifies_and_inventory_is_exact _________
Fast Contract	Run focused CENSOR truth contracts	tests/test_nephele_evidence_report.py:1562: in test_tracked_approved_fixture_verifies_and_inventory_is_exact
Fast Contract	Run focused CENSOR truth contracts	    assert convergence["metrics"] == convergence_record["metrics"]
Fast Contract	Run focused CENSOR truth contracts	E   AssertionError: assert {'gate3_sky_c...1464354527938} == {'gate3_godra...1464354527938}
Fast Contract	Run focused CENSOR truth contracts	E     
Fast Contract	Run focused CENSOR truth contracts	E     Omitting 2 identical items, use -vv to show
Fast Contract	Run focused CENSOR truth contracts	E     Differing items:
Fast Contract	Run focused CENSOR truth contracts	E     {'gate3_godray_roi_ssim': np.float64(0.9942275395295544)} != {'gate3_godray_roi_ssim': 0.9942275395295402}
Fast Contract	Run focused CENSOR truth contracts	E     
Fast Contract	Run focused CENSOR truth contracts	E     Full diff:
Fast Contract	Run focused CENSOR truth contracts	E       {
Fast Contract	Run focused CENSOR truth contracts	E     -     'gate3_godray_roi_ssim': 0.9942275395295402,
Fast Contract	Run focused CENSOR truth contracts	E           'gate3_sky_cloud_delta_e_below_2_5_fraction': 1.0,
Fast Contract	Run focused CENSOR truth contracts	E     +     'gate3_godray_roi_ssim': np.float64(0.9942275395295544),
Fast Contract	Run focused CENSOR truth contracts	E           'gate4_cloud_shadow_terrain_delta_e_below_2_fraction': 0.9961464354527938,
Fast Contract	Run focused CENSOR truth contracts	E       }
Fast Contract	Run focused CENSOR truth contracts	=========================== short test summary info ============================
Fast Contract	Run focused CENSOR truth contracts	FAILED tests/test_nephele_evidence_report.py::test_tracked_approved_fixture_verifies_and_inventory_is_exact - AssertionError: assert {'gate3_sky_c...1464354527938} == {'gate3_godra...1464354527938}
Fast Contract	Run focused CENSOR truth contracts	  
Fast Contract	Run focused CENSOR truth contracts	  Omitting 2 identical items, use -vv to show
Fast Contract	Run focused CENSOR truth contracts	  Differing items:
Fast Contract	Run focused CENSOR truth contracts	  {'gate3_godray_roi_ssim': np.float64(0.9942275395295544)} != {'gate3_godray_roi_ssim': 0.9942275395295402}
Fast Contract	Run focused CENSOR truth contracts	  
Fast Contract	Run focused CENSOR truth contracts	  Full diff:
Fast Contract	Run focused CENSOR truth contracts	    {
Fast Contract	Run focused CENSOR truth contracts	  -     'gate3_godray_roi_ssim': 0.9942275395295402,
Fast Contract	Run focused CENSOR truth contracts	        'gate3_sky_cloud_delta_e_below_2_5_fraction': 1.0,
Fast Contract	Run focused CENSOR truth contracts	  +     'gate3_godray_roi_ssim': np.float64(0.9942275395295544),
Fast Contract	Run focused CENSOR truth contracts	        'gate4_cloud_shadow_terrain_delta_e_below_2_fraction': 0.9961464354527938,
Fast Contract	Run focused CENSOR truth contracts	    }
Fast Contract	Run focused CENSOR truth contracts	===== 1 failed, 586 passed, 28 skipped, 1 deselected in 218.44s (0:03:38) ======
Fast Contract	Run focused CENSOR truth contracts	2026-09-30T21:55:20.1939900Z ##[error]Process completed with exit code 1.
