Fast Contract	Run focused CENSOR truth contracts	﻿2026-09-30T23:23:59.6215468Z ##[group]Run python scripts/ci_pytest_lane.py --profile fast -v --tb=short
Fast Contract	Run focused CENSOR truth contracts	2026-09-30T23:23:59.6216013Z [36;1mpython scripts/ci_pytest_lane.py --profile fast -v --tb=short[0m
Fast Contract	Run focused CENSOR truth contracts	2026-09-30T23:23:59.6284818Z shell: /usr/bin/bash -e {0}
Fast Contract	Run focused CENSOR truth contracts	2026-09-30T23:23:59.6285082Z env:
Fast Contract	Run focused CENSOR truth contracts	2026-09-30T23:23:59.6285293Z   CARGO_TERM_COLOR: always
Fast Contract	Run focused CENSOR truth contracts	2026-09-30T23:23:59.6285536Z   RUST_BACKTRACE: 1
Fast Contract	Run focused CENSOR truth contracts	2026-09-30T23:23:59.6285815Z   pythonLocation: /opt/hostedtoolcache/Python/3.11.16/x64
Fast Contract	Run focused CENSOR truth contracts	2026-09-30T23:23:59.6286247Z   PKG_CONFIG_PATH: /opt/hostedtoolcache/Python/3.11.16/x64/lib/pkgconfig
Fast Contract	Run focused CENSOR truth contracts	2026-09-30T23:23:59.6286664Z   Python_ROOT_DIR: /opt/hostedtoolcache/Python/3.11.16/x64
Fast Contract	Run focused CENSOR truth contracts	2026-09-30T23:23:59.6287037Z   Python2_ROOT_DIR: /opt/hostedtoolcache/Python/3.11.16/x64
Fast Contract	Run focused CENSOR truth contracts	2026-09-30T23:23:59.6287631Z   Python3_ROOT_DIR: /opt/hostedtoolcache/Python/3.11.16/x64
Fast Contract	Run focused CENSOR truth contracts	2026-09-30T23:23:59.6288002Z   LD_LIBRARY_PATH: /opt/hostedtoolcache/Python/3.11.16/x64/lib
Fast Contract	Run focused CENSOR truth contracts	2026-09-30T23:23:59.6288332Z   CARGO_HOME: /home/runner/.cargo
Fast Contract	Run focused CENSOR truth contracts	2026-09-30T23:23:59.6288595Z   CARGO_INCREMENTAL: 0
Fast Contract	Run focused CENSOR truth contracts	2026-09-30T23:23:59.6288856Z   FORGE3D_NO_BOOTSTRAP: 1
Fast Contract	Run focused CENSOR truth contracts	2026-09-30T23:23:59.6289080Z ##[endgroup]
Fast Contract	Run focused CENSOR truth contracts	2026-09-30T23:23:59.9060199Z ============================= test session starts ==============================
Fast Contract	Run focused CENSOR truth contracts	2026-09-30T23:23:59.9061301Z platform linux -- Python 3.11.16, pytest-9.1.1, pluggy-1.6.0 -- /home/runner/work/forge3d/forge3d/.venv/bin/python
Fast Contract	Run focused CENSOR truth contracts	2026-09-30T23:23:59.9062142Z cachedir: .pytest_cache
Fast Contract	Run focused CENSOR truth contracts	2026-09-30T23:23:59.9062556Z rootdir: /home/runner/work/forge3d/forge3d
Fast Contract	Run focused CENSOR truth contracts	2026-09-30T23:23:59.9063011Z configfile: pytest.ini
Fast Contract	Run focused CENSOR truth contracts	2026-09-30T23:24:02.0877660Z collecting ... collected 618 items / 1 deselected / 617 selected
Fast Contract	Run focused CENSOR truth contracts	2026-09-30T23:24:02.0878029Z 
Fast Contract	Run focused CENSOR truth contracts	2026-09-30T23:24:02.0910635Z tests/test_aether_acceptance_evidence.py::test_summary_binds_clean_thresholds_adapter_and_exact_head PASSED [  0%]
Fast Contract	Run focused CENSOR truth contracts	2026-09-30T23:24:02.0929860Z tests/test_aether_acceptance_evidence.py::test_summary_rejects_unproven_adapter[<lambda>-software fallback] PASSED [  0%]
Fast Contract	Run focused CENSOR truth contracts	2026-09-30T23:24:02.0948871Z tests/test_aether_acceptance_evidence.py::test_summary_rejects_unproven_adapter[<lambda>-did not pass] PASSED [  0%]
Fast Contract	Run focused CENSOR truth contracts	2026-09-30T23:24:02.0971167Z tests/test_aether_acceptance_evidence.py::test_summary_rejects_threshold_failure[delta_e_sweep-value0-below 2] PASSED [  0%]
Fast Contract	Run focused CENSOR truth contracts	2026-09-30T23:24:02.0993835Z tests/test_aether_acceptance_evidence.py::test_summary_rejects_threshold_failure[saturation_falloff-value1-exceeds 10] PASSED [  0%]
Fast Contract	Run focused CENSOR truth contracts	2026-09-30T23:24:02.1011912Z tests/test_aether_acceptance_evidence.py::test_summary_rejects_exact_head_mismatch_or_skip PASSED [  0%]
Fast Contract	Run focused CENSOR truth contracts	2026-09-30T23:24:02.1042234Z tests/test_aether_acceptance_evidence.py::test_summary_rejects_incomplete_sweep_or_missing_gate_case PASSED [  1%]
Fast Contract	Run focused CENSOR truth contracts	2026-09-30T23:24:02.1075299Z tests/test_aether_acceptance_evidence.py::test_summary_recomputes_saturation_and_requires_schema PASSED [  1%]
Fast Contract	Run focused CENSOR truth contracts	2026-09-30T23:24:02.1095415Z tests/test_aether_acceptance_evidence.py::test_summary_rejects_vacuous_saturation_falloff PASSED [  1%]
Fast Contract	Run focused CENSOR truth contracts	2026-09-30T23:24:02.1105639Z tests/test_aether_acceptance_evidence.py::test_workflow_retains_exact_head_aether_evidence PASSED [  1%]
Fast Contract	Run focused CENSOR truth contracts	2026-09-30T23:24:05.6804622Z tests/test_nephele_evidence_report.py::test_report_recomputes_all_six_gates_from_bound_evidence PASSED [  1%]
Fast Contract	Run focused CENSOR truth contracts	2026-09-30T23:24:07.1162069Z tests/test_nephele_evidence_report.py::test_capture_shaped_sun_diagnostics_interoperate_and_fail_closed PASSED [  1%]
Fast Contract	Run focused CENSOR truth contracts	2026-09-30T23:24:08.8485503Z tests/test_nephele_evidence_report.py::test_verifier_accepts_actual_generator_manifest_and_recorder_prefix_schema PASSED [  2%]
Fast Contract	Run focused CENSOR truth contracts	2026-09-30T23:24:10.2731667Z tests/test_nephele_evidence_report.py::test_generator_color_pipeline_schema_fails_closed[missing-color pipeline] PASSED [  2%]
Fast Contract	Run focused CENSOR truth contracts	2026-09-30T23:24:11.6892133Z tests/test_nephele_evidence_report.py::test_generator_color_pipeline_schema_fails_closed[extra-color pipeline] PASSED [  2%]
Fast Contract	Run focused CENSOR truth contracts	2026-09-30T23:24:13.1178102Z tests/test_nephele_evidence_report.py::test_generator_color_pipeline_schema_fails_closed[literal-color pipeline] PASSED [  2%]
Fast Contract	Run focused CENSOR truth contracts	2026-09-30T23:24:14.6385778Z tests/test_nephele_evidence_report.py::test_generator_color_pipeline_schema_fails_closed[provenance-not bound] PASSED [  2%]
Fast Contract	Run focused CENSOR truth contracts	2026-09-30T23:24:18.2159404Z tests/test_nephele_evidence_report.py::test_windows_runner_arch_x64_matches_unmasked_amd64_platform PASSED [  2%]
Fast Contract	Run focused CENSOR truth contracts	2026-09-30T23:24:21.7742663Z tests/test_nephele_evidence_report.py::test_reference_prefix_identity_is_independent_of_worker_count PASSED [  3%]
Fast Contract	Run focused CENSOR truth contracts	2026-09-30T23:24:25.2535539Z tests/test_nephele_evidence_report.py::test_gate6_rejects_camera_or_shared_presentation_tampering[camera] PASSED [  3%]
Fast Contract	Run focused CENSOR truth contracts	2026-09-30T23:24:28.8009080Z tests/test_nephele_evidence_report.py::test_gate6_rejects_camera_or_shared_presentation_tampering[presentation] PASSED [  3%]
Fast Contract	Run focused CENSOR truth contracts	2026-09-30T23:24:32.6584405Z tests/test_nephele_evidence_report.py::test_gate6_rejects_camera_or_shared_presentation_tampering[no-medium-hash] PASSED [  3%]
Fast Contract	Run focused CENSOR truth contracts	2026-09-30T23:24:36.3553562Z tests/test_nephele_evidence_report.py::test_gate6_rejects_step_and_readback_accounting_tampering[step-mismatch] PASSED [  3%]
Fast Contract	Run focused CENSOR truth contracts	2026-09-30T23:24:39.9111936Z tests/test_nephele_evidence_report.py::test_gate6_rejects_step_and_readback_accounting_tampering[fractional-step] PASSED [  3%]
Fast Contract	Run focused CENSOR truth contracts	2026-09-30T23:24:43.4385851Z tests/test_nephele_evidence_report.py::test_gate6_rejects_step_and_readback_accounting_tampering[readback-bytes] PASSED [  4%]
Fast Contract	Run focused CENSOR truth contracts	2026-09-30T23:24:46.9576787Z tests/test_nephele_evidence_report.py::test_gate6_rejects_step_and_readback_accounting_tampering[conditional-readback] PASSED [  4%]
Fast Contract	Run focused CENSOR truth contracts	2026-09-30T23:24:50.5352152Z tests/test_nephele_evidence_report.py::test_gate6_rejects_step_and_readback_accounting_tampering[integration-steps] PASSED [  4%]
Fast Contract	Run focused CENSOR truth contracts	2026-09-30T23:24:54.0602629Z tests/test_nephele_evidence_report.py::test_gate6_rejects_step_and_readback_accounting_tampering[fractional-termination] PASSED [  4%]
Fast Contract	Run focused CENSOR truth contracts	2026-09-30T23:24:57.6152076Z tests/test_nephele_evidence_report.py::test_gate6_rejects_step_and_readback_accounting_tampering[energy-missing] PASSED [  4%]
Fast Contract	Run focused CENSOR truth contracts	2026-09-30T23:25:01.1834136Z tests/test_nephele_evidence_report.py::test_gate6_rejects_step_and_readback_accounting_tampering[energy-nonfinite] PASSED [  4%]
Fast Contract	Run focused CENSOR truth contracts	2026-09-30T23:25:04.7627915Z tests/test_nephele_evidence_report.py::test_gate6_rejects_step_and_readback_accounting_tampering[energy-negative] PASSED [  5%]
Fast Contract	Run focused CENSOR truth contracts	2026-09-30T23:25:08.3368077Z tests/test_nephele_evidence_report.py::test_gate6_rejects_step_and_readback_accounting_tampering[energy-string] PASSED [  5%]
Fast Contract	Run focused CENSOR truth contracts	2026-09-30T23:25:11.9373173Z tests/test_nephele_evidence_report.py::test_gate6_rejects_step_and_readback_accounting_tampering[energy-bool] PASSED [  5%]
Fast Contract	Run focused CENSOR truth contracts	2026-09-30T23:25:15.5019430Z tests/test_nephele_evidence_report.py::test_gate6_rejects_step_and_readback_accounting_tampering[single-string] PASSED [  5%]
Fast Contract	Run focused CENSOR truth contracts	2026-09-30T23:25:19.0665371Z tests/test_nephele_evidence_report.py::test_gate6_rejects_step_and_readback_accounting_tampering[multiple-bool] PASSED [  5%]
Fast Contract	Run focused CENSOR truth contracts	2026-09-30T23:25:19.0674321Z tests/test_nephele_evidence_report.py::test_capture_uses_same_acceptance_call_for_medium_disabled_presentation PASSED [  5%]
Fast Contract	Run focused CENSOR truth contracts	2026-09-30T23:25:19.0682306Z tests/test_nephele_evidence_report.py::test_reference_binding_exposes_exact_terrain_classification_arrays PASSED [  5%]
Fast Contract	Run focused CENSOR truth contracts	2026-09-30T23:25:20.6149093Z tests/test_nephele_evidence_report.py::test_reference_provenance_and_convergence_tampering_fails_closed[assembled] PASSED [  6%]
Fast Contract	Run focused CENSOR truth contracts	2026-09-30T23:25:22.2703379Z tests/test_nephele_evidence_report.py::test_reference_provenance_and_convergence_tampering_fails_closed[metric] PASSED [  6%]
Fast Contract	Run focused CENSOR truth contracts	2026-09-30T23:25:23.7255467Z tests/test_nephele_evidence_report.py::test_reference_provenance_and_convergence_tampering_fails_closed[prefix] PASSED [  6%]
Fast Contract	Run focused CENSOR truth contracts	2026-09-30T23:25:25.1979163Z tests/test_nephele_evidence_report.py::test_reference_provenance_and_convergence_tampering_fails_closed[sample-identity] PASSED [  6%]
Fast Contract	Run focused CENSOR truth contracts	2026-09-30T23:25:26.6708426Z tests/test_nephele_evidence_report.py::test_reference_provenance_and_convergence_tampering_fails_closed[spatial-tiles] PASSED [  6%]
Fast Contract	Run focused CENSOR truth contracts	2026-09-30T23:25:28.1443443Z tests/test_nephele_evidence_report.py::test_reference_provenance_and_convergence_tampering_fails_closed[runtime-partition] PASSED [  6%]
Fast Contract	Run focused CENSOR truth contracts	2026-09-30T23:25:29.7775721Z tests/test_nephele_evidence_report.py::test_reference_provenance_and_convergence_tampering_fails_closed[classification] PASSED [  7%]
Fast Contract	Run focused CENSOR truth contracts	2026-09-30T23:25:31.2470044Z tests/test_nephele_evidence_report.py::test_reference_provenance_and_convergence_tampering_fails_closed[scene] PASSED [  7%]
Fast Contract	Run focused CENSOR truth contracts	2026-09-30T23:25:32.8556989Z tests/test_nephele_evidence_report.py::test_reference_provenance_and_convergence_tampering_fails_closed[camera] PASSED [  7%]
Fast Contract	Run focused CENSOR truth contracts	2026-09-30T23:25:34.3373764Z tests/test_nephele_evidence_report.py::test_reference_provenance_and_convergence_tampering_fails_closed[native-runtime] PASSED [  7%]
Fast Contract	Run focused CENSOR truth contracts	2026-09-30T23:25:35.8160834Z tests/test_nephele_evidence_report.py::test_reference_provenance_and_convergence_tampering_fails_closed[eligibility] PASSED [  7%]
Fast Contract	Run focused CENSOR truth contracts	2026-09-30T23:25:37.3529813Z tests/test_nephele_evidence_report.py::test_reference_provenance_and_convergence_tampering_fails_closed[diagnostics] PASSED [  7%]
Fast Contract	Run focused CENSOR truth contracts	2026-09-30T23:25:38.7945319Z tests/test_nephele_evidence_report.py::test_reference_provenance_and_convergence_tampering_fails_closed[unresolved] PASSED [  8%]
Fast Contract	Run focused CENSOR truth contracts	2026-09-30T23:25:40.2549318Z tests/test_nephele_evidence_report.py::test_reference_provenance_and_convergence_tampering_fails_closed[arbitrary] PASSED [  8%]
Fast Contract	Run focused CENSOR truth contracts	2026-09-30T23:25:41.8090259Z tests/test_nephele_evidence_report.py::test_reference_provenance_and_convergence_tampering_fails_closed[diagnostics-host] PASSED [  8%]
Fast Contract	Run focused CENSOR truth contracts	2026-09-30T23:25:43.3613373Z tests/test_nephele_evidence_report.py::test_reference_provenance_and_convergence_tampering_fails_closed[diagnostics-temporal] PASSED [  8%]
Fast Contract	Run focused CENSOR truth contracts	2026-09-30T23:25:44.9001658Z tests/test_nephele_evidence_report.py::test_reference_provenance_and_convergence_tampering_fails_closed[diagnostics-device] PASSED [  8%]
Fast Contract	Run focused CENSOR truth contracts	2026-09-30T23:25:46.5168445Z tests/test_nephele_evidence_report.py::test_reference_provenance_and_convergence_tampering_fails_closed[diagnostics-adapter] PASSED [  8%]
Fast Contract	Run focused CENSOR truth contracts	2026-09-30T23:25:48.1192306Z tests/test_nephele_evidence_report.py::test_reference_provenance_and_convergence_tampering_fails_closed[diagnostics-driver] PASSED [  9%]
Fast Contract	Run focused CENSOR truth contracts	2026-09-30T23:25:49.6680335Z tests/test_nephele_evidence_report.py::test_reference_provenance_and_convergence_tampering_fails_closed[diagnostics-proof] PASSED [  9%]
Fast Contract	Run focused CENSOR truth contracts	2026-09-30T23:25:51.2174329Z tests/test_nephele_evidence_report.py::test_reference_provenance_and_convergence_tampering_fails_closed[diagnostics-step] PASSED [  9%]
Fast Contract	Run focused CENSOR truth contracts	2026-09-30T23:25:52.7577023Z tests/test_nephele_evidence_report.py::test_reference_provenance_and_convergence_tampering_fails_closed[diagnostics-multi] PASSED [  9%]
Fast Contract	Run focused CENSOR truth contracts	2026-09-30T23:25:54.3048237Z tests/test_nephele_evidence_report.py::test_reference_provenance_and_convergence_tampering_fails_closed[diagnostics-luminance] PASSED [  9%]
Fast Contract	Run focused CENSOR truth contracts	2026-09-30T23:25:55.8429421Z tests/test_nephele_evidence_report.py::test_reference_provenance_and_convergence_tampering_fails_closed[diagnostics-energy] PASSED [  9%]
Fast Contract	Run focused CENSOR truth contracts	2026-09-30T23:25:57.3509448Z tests/test_nephele_evidence_report.py::test_reference_module_hash_binds_query_shader_bytes PASSED [ 10%]
Fast Contract	Run focused CENSOR truth contracts	2026-09-30T23:25:58.3983952Z tests/test_nephele_evidence_report.py::test_registered_convergence_metrics_survive_measured_ssim_roundoff PASSED [ 10%]
Fast Contract	Run focused CENSOR truth contracts	2026-09-30T23:25:59.9510543Z tests/test_nephele_evidence_report.py::test_gate2_rejects_tautological_per_sample_closure PASSED [ 10%]
Fast Contract	Run focused CENSOR truth contracts	2026-09-30T23:26:01.5429868Z tests/test_nephele_evidence_report.py::test_gate2_rejects_fractional_non_analog_outcomes PASSED [ 10%]
Fast Contract	Run focused CENSOR truth contracts	2026-09-30T23:26:02.9765230Z tests/test_nephele_evidence_report.py::test_gate2_rejects_unbound_homogeneous_medium_identity PASSED [ 10%]
Fast Contract	Run focused CENSOR truth contracts	2026-09-30T23:26:04.4101135Z tests/test_nephele_evidence_report.py::test_rejects_self_attested_repository_and_lane_identity[head] PASSED [ 10%]
Fast Contract	Run focused CENSOR truth contracts	2026-09-30T23:26:05.8548741Z tests/test_nephele_evidence_report.py::test_rejects_self_attested_repository_and_lane_identity[dirty] PASSED [ 11%]
Fast Contract	Run focused CENSOR truth contracts	2026-09-30T23:26:07.2980652Z tests/test_nephele_evidence_report.py::test_rejects_self_attested_repository_and_lane_identity[os] PASSED [ 11%]
Fast Contract	Run focused CENSOR truth contracts	2026-09-30T23:26:08.8074106Z tests/test_nephele_evidence_report.py::test_rejects_self_attested_repository_and_lane_identity[lane] PASSED [ 11%]
Fast Contract	Run focused CENSOR truth contracts	2026-09-30T23:26:10.2643389Z tests/test_nephele_evidence_report.py::test_rejects_fake_wheel_or_unrelated_native_bytes[fake-wheel] PASSED [ 11%]
Fast Contract	Run focused CENSOR truth contracts	2026-09-30T23:26:11.7185625Z tests/test_nephele_evidence_report.py::test_rejects_fake_wheel_or_unrelated_native_bytes[wrong-member] PASSED [ 11%]
Fast Contract	Run focused CENSOR truth contracts	2026-09-30T23:26:13.1801889Z tests/test_nephele_evidence_report.py::test_rejects_fake_wheel_or_unrelated_native_bytes[wrong-installed] PASSED [ 11%]
Fast Contract	Run focused CENSOR truth contracts	2026-09-30T23:26:14.6435131Z tests/test_nephele_evidence_report.py::test_reference_runtime_requires_retained_wheel_and_native_bytes[wheel] PASSED [ 11%]
Fast Contract	Run focused CENSOR truth contracts	2026-09-30T23:26:16.1200094Z tests/test_nephele_evidence_report.py::test_reference_runtime_requires_retained_wheel_and_native_bytes[member] PASSED [ 12%]
Fast Contract	Run focused CENSOR truth contracts	2026-09-30T23:26:17.6124962Z tests/test_nephele_evidence_report.py::test_reference_runtime_requires_retained_wheel_and_native_bytes[native] PASSED [ 12%]
Fast Contract	Run focused CENSOR truth contracts	2026-09-30T23:26:17.6156717Z tests/test_nephele_evidence_report.py::test_capture_reference_wheel_seam_recomputes_exact_bytes PASSED [ 12%]
Fast Contract	Run focused CENSOR truth contracts	2026-09-30T23:26:19.0687759Z tests/test_nephele_evidence_report.py::test_rejects_unmeaningful_or_nonphysical_adapter[vendor-1] PASSED [ 12%]
Fast Contract	Run focused CENSOR truth contracts	2026-09-30T23:26:20.5357362Z tests/test_nephele_evidence_report.py::test_rejects_unmeaningful_or_nonphysical_adapter[device_type-VirtualGpu] PASSED [ 12%]
Fast Contract	Run focused CENSOR truth contracts	2026-09-30T23:26:21.9994064Z tests/test_nephele_evidence_report.py::test_rejects_unmeaningful_or_nonphysical_adapter[driver-] PASSED [ 12%]
Fast Contract	Run focused CENSOR truth contracts	2026-09-30T23:26:23.4442718Z tests/test_nephele_evidence_report.py::test_rejects_unmeaningful_or_nonphysical_adapter[name-NVIDIA Paravirtual GPU] PASSED [ 13%]
Fast Contract	Run focused CENSOR truth contracts	2026-09-30T23:26:24.9030462Z tests/test_nephele_evidence_report.py::test_windows_nvidia_vulkan_lane_rejects_dx12_everywhere[context] PASSED [ 13%]
Fast Contract	Run focused CENSOR truth contracts	2026-09-30T23:26:26.3726866Z tests/test_nephele_evidence_report.py::test_windows_nvidia_vulkan_lane_rejects_dx12_everywhere[requested] PASSED [ 13%]
Fast Contract	Run focused CENSOR truth contracts	2026-09-30T23:26:27.8278446Z tests/test_nephele_evidence_report.py::test_windows_nvidia_vulkan_lane_rejects_dx12_everywhere[probe] PASSED [ 13%]
Fast Contract	Run focused CENSOR truth contracts	2026-09-30T23:26:31.4631343Z tests/test_nephele_evidence_report.py::test_windows_nvidia_vulkan_lane_rejects_dx12_everywhere[run-a] PASSED [ 13%]
Fast Contract	Run focused CENSOR truth contracts	2026-09-30T23:26:35.0691686Z tests/test_nephele_evidence_report.py::test_windows_nvidia_vulkan_lane_rejects_dx12_everywhere[run-b] PASSED [ 13%]
Fast Contract	Run focused CENSOR truth contracts	2026-09-30T23:26:36.5406807Z tests/test_nephele_evidence_report.py::test_mask_generator_rejects_nonreference_role_sources[cloud_shadow_mask] PASSED [ 14%]
Fast Contract	Run focused CENSOR truth contracts	2026-09-30T23:26:38.0178743Z tests/test_nephele_evidence_report.py::test_mask_generator_rejects_nonreference_role_sources[godray_roi_mask] PASSED [ 14%]
Fast Contract	Run focused CENSOR truth contracts	2026-09-30T23:26:39.4866529Z tests/test_nephele_evidence_report.py::test_mask_generator_rejects_nonreference_role_sources[shaft_mask] PASSED [ 14%]
Fast Contract	Run focused CENSOR truth contracts	2026-09-30T23:26:40.9625589Z tests/test_nephele_evidence_report.py::test_mask_generator_rejects_nonreference_role_sources[sky_cloud_mask] PASSED [ 14%]
Fast Contract	Run focused CENSOR truth contracts	2026-09-30T23:26:42.4361050Z tests/test_nephele_evidence_report.py::test_mask_generator_rejects_nonreference_role_sources[terrain_mask] PASSED [ 14%]
Fast Contract	Run focused CENSOR truth contracts	2026-09-30T23:26:43.9148464Z tests/test_nephele_evidence_report.py::test_rejects_untracked_fixture_blob_and_regenerated_mask_mismatch PASSED [ 14%]
Fast Contract	Run focused CENSOR truth contracts	2026-09-30T23:26:45.4057041Z tests/test_nephele_evidence_report.py::test_rejects_nonexistent_fixture_commit_even_when_json_claims_it PASSED [ 15%]
Fast Contract	Run focused CENSOR truth contracts	2026-09-30T23:26:46.8799373Z tests/test_nephele_evidence_report.py::test_rejects_self_selected_installed_path_even_with_matching_bytes PASSED [ 15%]
Fast Contract	Run focused CENSOR truth contracts	2026-09-30T23:26:48.6714092Z tests/test_nephele_evidence_report.py::test_rejects_impossible_accumulator_seed_or_cached_comparator[support] PASSED [ 15%]
Fast Contract	Run focused CENSOR truth contracts	2026-09-30T23:26:50.4704136Z tests/test_nephele_evidence_report.py::test_rejects_impossible_accumulator_seed_or_cached_comparator[seed] PASSED [ 15%]
Fast Contract	Run focused CENSOR truth contracts	2026-09-30T23:26:52.2671097Z tests/test_nephele_evidence_report.py::test_rejects_impossible_accumulator_seed_or_cached_comparator[cache] PASSED [ 15%]
Fast Contract	Run focused CENSOR truth contracts	2026-09-30T23:26:54.0646178Z tests/test_nephele_evidence_report.py::test_rejects_unbound_comparator_or_incomplete_majorant_domain[comparator-tool] PASSED [ 15%]
Fast Contract	Run focused CENSOR truth contracts	2026-09-30T23:26:55.8668111Z tests/test_nephele_evidence_report.py::test_rejects_unbound_comparator_or_incomplete_majorant_domain[medium] PASSED [ 16%]
Fast Contract	Run focused CENSOR truth contracts	2026-09-30T23:26:57.6741707Z tests/test_nephele_evidence_report.py::test_rejects_unbound_comparator_or_incomplete_majorant_domain[comparator-representation] PASSED [ 16%]
Fast Contract	Run focused CENSOR truth contracts	2026-09-30T23:26:59.9776365Z tests/test_nephele_evidence_report.py::test_rejects_unbound_comparator_or_incomplete_majorant_domain[domain] PASSED [ 16%]
Fast Contract	Run focused CENSOR truth contracts	2026-09-30T23:27:02.2865052Z tests/test_nephele_evidence_report.py::test_rejects_unbound_comparator_or_incomplete_majorant_domain[boundary-count] PASSED [ 16%]
Fast Contract	Run focused CENSOR truth contracts	2026-09-30T23:27:04.5852132Z tests/test_nephele_evidence_report.py::test_rejects_unbound_comparator_or_incomplete_majorant_domain[domain-tool] PASSED [ 16%]
Fast Contract	Run focused CENSOR truth contracts	2026-09-30T23:27:04.5864363Z tests/test_nephele_evidence_report.py::test_transported_medium_tampering_fails_closed[f16-hash] PASSED [ 16%]
Fast Contract	Run focused CENSOR truth contracts	2026-09-30T23:27:04.5874415Z tests/test_nephele_evidence_report.py::test_transported_medium_tampering_fails_closed[endpoint-sampling] PASSED [ 17%]
Fast Contract	Run focused CENSOR truth contracts	2026-09-30T23:27:04.5901719Z tests/test_nephele_evidence_report.py::test_transported_medium_tampering_fails_closed[n-minus-one-cells] PASSED [ 17%]
Fast Contract	Run focused CENSOR truth contracts	2026-09-30T23:27:04.5911420Z tests/test_nephele_evidence_report.py::test_transported_medium_tampering_fails_closed[sigma-metadata] PASSED [ 17%]
Fast Contract	Run focused CENSOR truth contracts	2026-09-30T23:27:11.0986801Z tests/test_nephele_evidence_report.py::test_rr_allows_contributions_above_one_but_rejects_negative_samples PASSED [ 17%]
Fast Contract	Run focused CENSOR truth contracts	2026-09-30T23:27:14.7108009Z tests/test_nephele_evidence_report.py::test_rejects_lying_shader_summary_and_compute_reachable_compare PASSED [ 17%]
Fast Contract	Run focused CENSOR truth contracts	2026-09-30T23:27:16.2323978Z tests/test_nephele_evidence_report.py::test_shader_analyzer_covers_all_tracked_wgsl_and_embedded_rust[outside-shader-directory] PASSED [ 17%]
Fast Contract	Run focused CENSOR truth contracts	2026-09-30T23:27:17.7428507Z tests/test_nephele_evidence_report.py::test_shader_analyzer_covers_all_tracked_wgsl_and_embedded_rust[embedded-rust] PASSED [ 17%]
Fast Contract	Run focused CENSOR truth contracts	2026-09-30T23:27:19.2656995Z tests/test_nephele_evidence_report.py::test_shader_analyzer_rejects_unsafe_source_routed_through_wrapper PASSED [ 18%]
Fast Contract	Run focused CENSOR truth contracts	2026-09-30T23:27:22.8962605Z tests/test_nephele_evidence_report.py::test_rejects_copyable_or_unbound_clean_runs[same-process] PASSED [ 18%]
Fast Contract	Run focused CENSOR truth contracts	2026-09-30T23:27:26.5624116Z tests/test_nephele_evidence_report.py::test_rejects_copyable_or_unbound_clean_runs[wrong-input] PASSED [ 18%]
Fast Contract	Run focused CENSOR truth contracts	2026-09-30T23:27:30.2196694Z tests/test_nephele_evidence_report.py::test_rejects_copyable_or_unbound_clean_runs[wrong-adapter] PASSED [ 18%]
Fast Contract	Run focused CENSOR truth contracts	2026-09-30T23:27:33.8604492Z tests/test_nephele_evidence_report.py::test_rejects_copyable_or_unbound_clean_runs[wrong-frame] PASSED [ 18%]
Fast Contract	Run focused CENSOR truth contracts	2026-09-30T23:27:35.6383384Z tests/test_nephele_evidence_report.py::test_junit_is_exact_six_case_multiset[duplicate] PASSED [ 18%]
Fast Contract	Run focused CENSOR truth contracts	2026-09-30T23:27:37.4436080Z tests/test_nephele_evidence_report.py::test_junit_is_exact_six_case_multiset[extra] PASSED [ 19%]
Fast Contract	Run focused CENSOR truth contracts	2026-09-30T23:27:41.4291791Z tests/test_nephele_evidence_report.py::test_junit_accepts_namespaces_and_rejects_false_suite_aggregates PASSED [ 19%]
Fast Contract	Run focused CENSOR truth contracts	2026-09-30T23:27:43.2117937Z tests/test_nephele_evidence_report.py::test_junit_rejects_cases_outside_validated_suites[<root><testcase classname="tests.test_nephele_physical" name="gate1_estimator_majorant_rr"/></root>] PASSED [ 19%]
Fast Contract	Run focused CENSOR truth contracts	2026-09-30T23:27:45.0029387Z tests/test_nephele_evidence_report.py::test_junit_rejects_cases_outside_validated_suites[<testsuites><testcase classname="tests.test_nephele_physical" name="gate1_estimator_majorant_rr"/></testsuites>] PASSED [ 19%]
Fast Contract	Run focused CENSOR truth contracts	2026-09-30T23:27:45.0460492Z tests/test_nephele_evidence_report.py::test_producers_execute_samples_and_bind_raw_outputs PASSED [ 19%]
Fast Contract	Run focused CENSOR truth contracts	2026-09-30T23:27:45.0472325Z tests/test_nephele_evidence_report.py::test_synthetic_unresolved_fixture_fails_closed PASSED [ 19%]
Fast Contract	Run focused CENSOR truth contracts	2026-09-30T23:27:45.0480056Z tests/test_nephele_evidence_report.py::test_synthetic_unresolved_gate4_policy_fails_closed PASSED [ 20%]
Fast Contract	Run focused CENSOR truth contracts	2026-09-30T23:27:45.0488162Z tests/test_nephele_evidence_report.py::test_gate4_rejects_unapproved_aggregation[aggregation0] PASSED [ 20%]
Fast Contract	Run focused CENSOR truth contracts	2026-09-30T23:27:45.0495857Z tests/test_nephele_evidence_report.py::test_gate4_rejects_unapproved_aggregation[aggregation1] PASSED [ 20%]
Fast Contract	Run focused CENSOR truth contracts	2026-09-30T23:27:45.0522391Z tests/test_nephele_evidence_report.py::test_cli_has_no_arbitrary_fixture_override_and_writes_structured_error PASSED [ 20%]
Fast Contract	Run focused CENSOR truth contracts	2026-09-30T23:27:46.0962685Z tests/test_nephele_evidence_report.py::test_tracked_approved_fixture_verifies_and_inventory_is_exact PASSED [ 20%]
Fast Contract	Run focused CENSOR truth contracts	2026-09-30T23:27:46.0972165Z tests/test_nephele_evidence_report.py::test_gate4_owner_fraction_boundary_and_self_approval_rejection PASSED [ 20%]
Fast Contract	Run focused CENSOR truth contracts	2026-09-30T23:27:46.1004305Z tests/test_nephele_evidence_report.py::test_shader_source_parts_preserve_order_and_strip_contract PASSED [ 21%]
Fast Contract	Run focused CENSOR truth contracts	2026-09-30T23:27:47.5864269Z tests/test_nephele_evidence_report.py::test_gate2_count_is_read_from_artifact_not_hardcoded PASSED [ 21%]
Fast Contract	Run focused CENSOR truth contracts	2026-09-30T23:27:47.6202755Z tests/test_nephele_fixture_contracts.py::test_b6_environment_reference_rejects_unbound_inputs_before_gpu[array] PASSED [ 21%]
Fast Contract	Run focused CENSOR truth contracts	2026-09-30T23:27:47.6440547Z tests/test_nephele_fixture_contracts.py::test_b6_environment_reference_rejects_unbound_inputs_before_gpu[native] PASSED [ 21%]
Fast Contract	Run focused CENSOR truth contracts	2026-09-30T23:27:47.6673693Z tests/test_nephele_fixture_contracts.py::test_b6_environment_reference_rejects_unbound_inputs_before_gpu[samples] PASSED [ 21%]
Fast Contract	Run focused CENSOR truth contracts	2026-09-30T23:27:47.6910309Z tests/test_nephele_fixture_contracts.py::test_b6_environment_reference_rejects_unbound_inputs_before_gpu[sun] PASSED [ 21%]
Fast Contract	Run focused CENSOR truth contracts	2026-09-30T23:27:47.6920867Z tests/test_nephele_fixture_contracts.py::test_original_b1_audit_hashes_remain_valid PASSED [ 22%]
Fast Contract	Run focused CENSOR truth contracts	2026-09-30T23:27:47.6995108Z tests/test_nephele_fixture_contracts.py::test_b1_registered_control_binds_plan_and_rejects_tampering PASSED [ 22%]
Fast Contract	Run focused CENSOR truth contracts	2026-09-30T23:27:47.7009712Z tests/test_nephele_fixture_contracts.py::test_b1_generator_rejects_changed_plan_before_runtime_validation PASSED [ 22%]
Fast Contract	Run focused CENSOR truth contracts	2026-09-30T23:27:47.7026582Z tests/test_nephele_fixture_contracts.py::test_b1_generator_rejects_wrong_imported_native PASSED [ 22%]
Fast Contract	Run focused CENSOR truth contracts	2026-09-30T23:27:47.7054879Z tests/test_nephele_fixture_contracts.py::test_reference_tag_preserves_provenance_source_revision PASSED [ 22%]
Fast Contract	Run focused CENSOR truth contracts	2026-09-30T23:27:47.7840217Z tests/test_nephele_fixture_contracts.py::test_blue_noise_is_generated_rank_data_with_bound_source_and_license PASSED [ 22%]
Fast Contract	Run focused CENSOR truth contracts	2026-09-30T23:27:47.7921219Z tests/test_nephele_fixture_contracts.py::test_reference_only_mask_equations_and_shaft_depth_fail_closed PASSED [ 23%]
Fast Contract	Run focused CENSOR truth contracts	2026-09-30T23:27:47.8190329Z tests/test_nephele_fixture_contracts.py::test_convergence_uses_actual_gate3_and_approved_gate4_metrics PASSED [ 23%]
Fast Contract	Run focused CENSOR truth contracts	2026-09-30T23:27:47.8203694Z tests/test_nephele_fixture_contracts.py::test_spatial_partition_is_exact_and_worker_independent PASSED [ 23%]
Fast Contract	Run focused CENSOR truth contracts	2026-09-30T23:27:47.8211952Z tests/test_nephele_fixture_contracts.py::test_reference_density_shape_and_scale_fail_closed PASSED [ 23%]
Fast Contract	Run focused CENSOR truth contracts	2026-09-30T23:27:47.8237949Z tests/test_nephele_fixture_contracts.py::test_fixture_medium_binds_exact_f16_transport_and_n_cubed_majorants PASSED [ 23%]
Fast Contract	Run focused CENSOR truth contracts	2026-09-30T23:27:47.8676968Z tests/test_nephele_fixture_contracts.py::test_fixture_manifest_hashes_every_input_and_masks_regenerate FAILED [ 23%]
Fast Contract	Run focused CENSOR truth contracts	2026-09-30T23:27:47.8684469Z tests/test_nephele_fixture_contracts.py::test_gate4_and_exhaustive_lane_inventory_are_literal PASSED [ 23%]
Fast Contract	Run focused CENSOR truth contracts	2026-09-30T23:27:47.8692787Z tests/test_nephele_public_api.py::test_medium_and_integrated_reference_execute_the_public_wrapper PASSED [ 24%]
Fast Contract	Run focused CENSOR truth contracts	2026-09-30T23:27:47.8700302Z tests/test_nephele_public_api.py::test_medium_validation_errors_remain_structured PASSED [ 24%]
Fast Contract	Run focused CENSOR truth contracts	2026-09-30T23:27:47.8708312Z tests/test_nephele_public_api.py::test_viewer_media_attach_remove_and_type_error_execute PASSED [ 24%]
Fast Contract	Run focused CENSOR truth contracts	2026-09-30T23:27:47.8729253Z tests/test_nephele_public_api.py::test_native_terrain_params_media_roundtrip_returns_public_wrapper PASSED [ 24%]
Fast Contract	Run focused CENSOR truth contracts	2026-09-30T23:27:47.8743708Z tests/test_nephele_public_api.py::test_terrain_shading_model_roundtrip_is_independent_of_media[stylized] PASSED [ 24%]
Fast Contract	Run focused CENSOR truth contracts	2026-09-30T23:27:47.8757938Z tests/test_nephele_public_api.py::test_terrain_shading_model_roundtrip_is_independent_of_media[lambert_physical] PASSED [ 24%]
Fast Contract	Run focused CENSOR truth contracts	2026-09-30T23:27:47.8771124Z tests/test_nephele_public_api.py::test_terrain_shading_model_defaults_and_invalid_values_fail_at_both_boundaries PASSED [ 25%]
Fast Contract	Run focused CENSOR truth contracts	2026-09-30T23:27:47.8777886Z tests/test_nephele_public_api.py::test_media_aov_settings_execute PASSED [ 25%]
Fast Contract	Run focused CENSOR truth contracts	2026-09-30T23:27:47.8809802Z tests/test_nephele_public_api.py::test_media_public_inventory_stubs_and_aov_methods_are_complete PASSED [ 25%]
Fast Contract	Run focused CENSOR truth contracts	2026-09-30T23:27:47.8830508Z tests/test_nephele_public_api.py::test_native_media_aov_and_diagnostic_names_are_registered PASSED [ 25%]
Fast Contract	Run focused CENSOR truth contracts	2026-09-30T23:27:47.8838027Z tests/test_nephele_public_api.py::test_live_viewer_paths_prepare_terrain_trace_before_encode PASSED [ 25%]
Fast Contract	Run focused CENSOR truth contracts	2026-09-30T23:27:47.8845442Z tests/test_nephele_public_api.py::test_executed_beer_residual_is_independently_derived_and_nonzero PASSED [ 25%]
Fast Contract	Run focused CENSOR truth contracts	2026-09-30T23:27:47.8853635Z tests/test_nephele_public_api.py::test_temporal_depth_uses_one_depth32_code_not_exact_float_equality PASSED [ 26%]
Fast Contract	Run focused CENSOR truth contracts	2026-09-30T23:27:47.8867486Z tests/test_install_smoke.py::test_load_project_urls_falls_back_without_tomllib PASSED [ 26%]
Fast Contract	Run focused CENSOR truth contracts	2026-09-30T23:27:47.8873510Z tests/test_install_smoke.py::test_python_version_floor PASSED            [ 26%]
Fast Contract	Run focused CENSOR truth contracts	2026-09-30T23:27:47.8879738Z tests/test_install_smoke.py::test_import_forge3d PASSED                  [ 26%]
Fast Contract	Run focused CENSOR truth contracts	2026-09-30T23:27:47.8885879Z tests/test_install_smoke.py::test_public_api_surface PASSED              [ 26%]
Fast Contract	Run focused CENSOR truth contracts	2026-09-30T23:27:47.8892074Z tests/test_install_smoke.py::test_fetch_dataset_alias_matches_datasets_module PASSED [ 26%]
Fast Contract	Run focused CENSOR truth contracts	2026-09-30T23:27:47.8900507Z tests/test_install_smoke.py::test_version_consistency PASSED             [ 27%]
Fast Contract	Run focused CENSOR truth contracts	2026-09-30T23:27:47.8919499Z tests/test_install_smoke.py::test_enumerate_adapters_smoke PASSED        [ 27%]
Fast Contract	Run focused CENSOR truth contracts	2026-09-30T23:27:47.8925822Z tests/test_install_smoke.py::test_legacy_render_api_removed PASSED       [ 27%]
Fast Contract	Run focused CENSOR truth contracts	2026-09-30T23:27:47.8948059Z tests/test_install_smoke.py::test_installed_project_urls_match_public_metadata PASSED [ 27%]
Fast Contract	Run focused CENSOR truth contracts	2026-09-30T23:27:47.8956885Z tests/test_install_smoke.py::test_installs_interactive_viewer_console_script PASSED [ 27%]
Fast Contract	Run focused CENSOR truth contracts	2026-09-30T23:27:47.8972899Z tests/test_install_smoke.py::test_sidera_third_party_notice_is_shipped_with_embedded_coefficients PASSED [ 27%]
Fast Contract	Run focused CENSOR truth contracts	2026-09-30T23:27:47.8988019Z tests/test_install_smoke.py::test_installed_wheel_path_gate_rejects_repo_local_package PASSED [ 28%]
Fast Contract	Run focused CENSOR truth contracts	2026-09-30T23:27:47.9003936Z tests/test_install_smoke.py::test_installed_wheel_path_gate_rejects_repo_local_native PASSED [ 28%]
Fast Contract	Run focused CENSOR truth contracts	2026-09-30T23:27:47.9019070Z tests/test_install_smoke.py::test_installed_wheel_path_gate_accepts_external_package_and_native PASSED [ 28%]
Fast Contract	Run focused CENSOR truth contracts	2026-09-30T23:27:47.9026239Z tests/test_license.py::test_license_error_message_has_help_text PASSED   [ 28%]
Fast Contract	Run focused CENSOR truth contracts	2026-09-30T23:27:47.9033378Z tests/test_license.py::test_set_license_key_clears_state PASSED          [ 28%]
Fast Contract	Run focused CENSOR truth contracts	2026-09-30T23:27:47.9041500Z tests/test_license.py::test_set_license_key_rejects_invalid_format PASSED [ 28%]
Fast Contract	Run focused CENSOR truth contracts	2026-09-30T23:27:47.9101469Z tests/test_license.py::test_forged_signature_rejected PASSED             [ 29%]
Fast Contract	Run focused CENSOR truth contracts	2026-09-30T23:27:47.9283317Z tests/test_license.py::test_tampered_expiry_rejected PASSED              [ 29%]
Fast Contract	Run focused CENSOR truth contracts	2026-09-30T23:27:47.9462835Z tests/test_license.py::test_enterprise_tier_accepted PASSED              [ 29%]
Fast Contract	Run focused CENSOR truth contracts	2026-09-30T23:27:47.9642173Z tests/test_license.py::test_set_license_key_accepts_well_formed_key PASSED [ 29%]
Fast Contract	Run focused CENSOR truth contracts	2026-09-30T23:27:47.9821338Z tests/test_license.py::test_license_key_can_load_from_environment PASSED [ 29%]
Fast Contract	Run focused CENSOR truth contracts	2026-09-30T23:27:47.9828026Z tests/test_license.py::test_native_license_verifier_exports_when_extension_present PASSED [ 29%]
Fast Contract	Run focused CENSOR truth contracts	2026-09-30T23:27:47.9836910Z tests/test_license.py::test_requires_pro_blocks_without_key PASSED       [ 29%]
Fast Contract	Run focused CENSOR truth contracts	2026-09-30T23:27:47.9845033Z tests/test_license.py::test_requires_pro_preserves_signature PASSED      [ 30%]
Fast Contract	Run focused CENSOR truth contracts	2026-09-30T23:27:47.9852263Z tests/test_license.py::test_grace_period_status_active PASSED            [ 30%]
Fast Contract	Run focused CENSOR truth contracts	2026-09-30T23:27:47.9859202Z tests/test_license.py::test_grace_period_status_grace PASSED             [ 30%]
Fast Contract	Run focused CENSOR truth contracts	2026-09-30T23:27:47.9865905Z tests/test_license.py::test_grace_period_status_expired PASSED           [ 30%]
Fast Contract	Run focused CENSOR truth contracts	2026-09-30T23:27:48.0180495Z tests/test_license.py::test_requires_pro_warns_during_grace PASSED       [ 30%]
Fast Contract	Run focused CENSOR truth contracts	2026-09-30T23:27:48.0186894Z tests/test_api_contracts.py::TestNativeModuleSymbols::test_registered_classes_exist PASSED [ 30%]
Fast Contract	Run focused CENSOR truth contracts	2026-09-30T23:27:48.0194725Z tests/test_api_contracts.py::TestNativeModuleSymbols::test_registered_functions_exist PASSED [ 31%]
Fast Contract	Run focused CENSOR truth contracts	2026-09-30T23:27:48.0201154Z tests/test_api_contracts.py::TestSceneMethodContracts::test_render_rgba_is_instance_method PASSED [ 31%]
Fast Contract	Run focused CENSOR truth contracts	2026-09-30T23:27:48.0207361Z tests/test_api_contracts.py::TestSceneMethodContracts::test_render_png_is_instance_method PASSED [ 31%]
Fast Contract	Run focused CENSOR truth contracts	2026-09-30T23:27:48.0213495Z tests/test_api_contracts.py::TestSceneMethodContracts::test_set_msaa_samples_is_instance_method PASSED [ 31%]
Fast Contract	Run focused CENSOR truth contracts	2026-09-30T23:27:48.0219743Z tests/test_api_contracts.py::TestSceneMethodContracts::test_set_camera_look_at_exists PASSED [ 31%]
Fast Contract	Run focused CENSOR truth contracts	2026-09-30T23:27:48.0225571Z tests/test_api_contracts.py::TestSceneMethodContracts::test_set_height_from_r32f_exists PASSED [ 31%]
Fast Contract	Run focused CENSOR truth contracts	2026-09-30T23:27:48.0234682Z tests/test_api_contracts.py::TestSceneMethodContracts::test_aether_scene_method_exists[set_atmosphere] PASSED [ 32%]
Fast Contract	Run focused CENSOR truth contracts	2026-09-30T23:27:48.0241892Z tests/test_api_contracts.py::TestSceneMethodContracts::test_aether_scene_method_exists[clear_atmosphere] PASSED [ 32%]
Fast Contract	Run focused CENSOR truth contracts	2026-09-30T23:27:48.0248564Z tests/test_api_contracts.py::TestSceneMethodContracts::test_aether_scene_method_exists[get_atmosphere_settings] PASSED [ 32%]
Fast Contract	Run focused CENSOR truth contracts	2026-09-30T23:27:48.0254488Z tests/test_api_contracts.py::TestSceneMethodContracts::test_enable_oit_exists PASSED [ 32%]
Fast Contract	Run focused CENSOR truth contracts	2026-09-30T23:27:48.0260521Z tests/test_api_contracts.py::TestSceneMethodContracts::test_disable_oit_exists PASSED [ 32%]
Fast Contract	Run focused CENSOR truth contracts	2026-09-30T23:27:48.0266297Z tests/test_api_contracts.py::TestSceneMethodContracts::test_is_oit_enabled_exists PASSED [ 32%]
Fast Contract	Run focused CENSOR truth contracts	2026-09-30T23:27:48.0272320Z tests/test_api_contracts.py::TestSceneMethodContracts::test_get_oit_mode_exists PASSED [ 33%]
Fast Contract	Run focused CENSOR truth contracts	2026-09-30T23:27:48.0277952Z tests/test_api_contracts.py::TestSceneMethodContracts::test_ssao_enabled_exists PASSED [ 33%]
Fast Contract	Run focused CENSOR truth contracts	2026-09-30T23:27:48.0283867Z tests/test_api_contracts.py::TestSceneMethodContracts::test_set_ssao_enabled_exists PASSED [ 33%]
Fast Contract	Run focused CENSOR truth contracts	2026-09-30T23:27:48.0289862Z tests/test_api_contracts.py::TestSceneMethodContracts::test_set_ssao_parameters_exists PASSED [ 33%]
Fast Contract	Run focused CENSOR truth contracts	2026-09-30T23:27:48.0295608Z tests/test_api_contracts.py::TestSceneMethodContracts::test_enable_ibl_exists PASSED [ 33%]
Fast Contract	Run focused CENSOR truth contracts	2026-09-30T23:27:48.0301621Z tests/test_api_contracts.py::TestSceneMethodContracts::test_disable_ibl_exists PASSED [ 33%]
Fast Contract	Run focused CENSOR truth contracts	2026-09-30T23:27:48.0307546Z tests/test_api_contracts.py::TestSceneMethodContracts::test_enable_reflections_exists PASSED [ 34%]
Fast Contract	Run focused CENSOR truth contracts	2026-09-30T23:27:48.0313477Z tests/test_api_contracts.py::TestSceneMethodContracts::test_disable_reflections_exists PASSED [ 34%]
Fast Contract	Run focused CENSOR truth contracts	2026-09-30T23:27:48.0319479Z tests/test_api_contracts.py::TestSceneMethodContracts::test_enable_dof_exists PASSED [ 34%]
Fast Contract	Run focused CENSOR truth contracts	2026-09-30T23:27:48.0325352Z tests/test_api_contracts.py::TestSceneMethodContracts::test_disable_dof_exists PASSED [ 34%]
Fast Contract	Run focused CENSOR truth contracts	2026-09-30T23:27:48.0331431Z tests/test_api_contracts.py::TestSceneMethodContracts::test_enable_water_surface_exists PASSED [ 34%]
Fast Contract	Run focused CENSOR truth contracts	2026-09-30T23:27:48.0337349Z tests/test_api_contracts.py::TestSceneMethodContracts::test_enable_ground_plane_exists PASSED [ 34%]
Fast Contract	Run focused CENSOR truth contracts	2026-09-30T23:27:48.0343306Z tests/test_api_contracts.py::TestSceneMethodContracts::test_enable_cloud_shadows_exists PASSED [ 35%]
Fast Contract	Run focused CENSOR truth contracts	2026-09-30T23:27:48.0349360Z tests/test_api_contracts.py::TestSceneMethodContracts::test_enable_point_spot_lights_exists PASSED [ 35%]
Fast Contract	Run focused CENSOR truth contracts	2026-09-30T23:27:48.0355282Z tests/test_api_contracts.py::TestSceneMethodContracts::test_add_point_light_exists PASSED [ 35%]
Fast Contract	Run focused CENSOR truth contracts	2026-09-30T23:27:48.0361486Z tests/test_api_contracts.py::TestSceneMethodContracts::test_enable_text_meshes_exists PASSED [ 35%]
Fast Contract	Run focused CENSOR truth contracts	2026-09-30T23:27:48.0367352Z tests/test_api_contracts.py::TestSceneMethodContracts::test_get_stats_exists PASSED [ 35%]
Fast Contract	Run focused CENSOR truth contracts	2026-09-30T23:27:48.0375857Z tests/test_api_contracts.py::TestCameraAnimationTargetContract::test_camera_keyframe_constructible PASSED [ 35%]
Fast Contract	Run focused CENSOR truth contracts	2026-09-30T23:27:48.0384360Z tests/test_api_contracts.py::TestCameraAnimationTargetContract::test_camera_animation_target_round_trip PASSED [ 35%]
Fast Contract	Run focused CENSOR truth contracts	2026-09-30T23:27:48.0391689Z tests/test_api_contracts.py::TestCameraAnimationTargetContract::test_camera_animation_replace_and_clear PASSED [ 36%]
Fast Contract	Run focused CENSOR truth contracts	2026-09-30T23:27:48.0399502Z tests/test_api_contracts.py::TestSceneMethodCount::test_scene_has_minimum_method_count PASSED [ 36%]
Fast Contract	Run focused CENSOR truth contracts	2026-09-30T23:27:48.0406802Z tests/test_api_contracts.py::TestOrphanedClassesRegistered::test_frame_registered PASSED [ 36%]
Fast Contract	Run focused CENSOR truth contracts	2026-09-30T23:27:48.0413392Z tests/test_api_contracts.py::TestOrphanedClassesRegistered::test_hdr_frame_registered PASSED [ 36%]
Fast Contract	Run focused CENSOR truth contracts	2026-09-30T23:27:48.0419610Z tests/test_api_contracts.py::TestOrphanedClassesRegistered::test_sdf_primitive_registered PASSED [ 36%]
Fast Contract	Run focused CENSOR truth contracts	2026-09-30T23:27:48.0425440Z tests/test_api_contracts.py::TestOrphanedClassesRegistered::test_sdf_scene_registered PASSED [ 36%]
Fast Contract	Run focused CENSOR truth contracts	2026-09-30T23:27:48.0431477Z tests/test_api_contracts.py::TestOrphanedClassesRegistered::test_sdf_scene_builder_registered PASSED [ 37%]
Fast Contract	Run focused CENSOR truth contracts	2026-09-30T23:27:48.0437960Z tests/test_api_contracts.py::TestOrphanedClassesRegistered::test_sdf_scene_constructible PASSED [ 37%]
Fast Contract	Run focused CENSOR truth contracts	2026-09-30T23:27:48.0444290Z tests/test_api_contracts.py::TestOrphanedClassesRegistered::test_sdf_primitive_sphere_constructible PASSED [ 37%]
Fast Contract	Run focused CENSOR truth contracts	2026-09-30T23:27:48.0450950Z tests/test_api_contracts.py::TestOrphanedClassesRegistered::test_sdf_scene_builder_round_trip PASSED [ 37%]
Fast Contract	Run focused CENSOR truth contracts	2026-09-30T23:27:48.0456727Z tests/test_api_contracts.py::TestTbnFunctionsExported::test_mesh_generate_cube_tbn_registered PASSED [ 37%]
Fast Contract	Run focused CENSOR truth contracts	2026-09-30T23:27:48.0462819Z tests/test_api_contracts.py::TestTbnFunctionsExported::test_mesh_generate_plane_tbn_registered PASSED [ 37%]
Fast Contract	Run focused CENSOR truth contracts	2026-09-30T23:27:48.0472041Z tests/test_api_contracts.py::TestTbnFunctionsExported::test_cube_tbn_dict_keys PASSED [ 38%]
Fast Contract	Run focused CENSOR truth contracts	2026-09-30T23:27:48.0479695Z tests/test_api_contracts.py::TestTbnFunctionsExported::test_cube_tbn_vertex_count PASSED [ 38%]
Fast Contract	Run focused CENSOR truth contracts	2026-09-30T23:27:48.0487293Z tests/test_api_contracts.py::TestTbnFunctionsExported::test_cube_tbn_index_count PASSED [ 38%]
Fast Contract	Run focused CENSOR truth contracts	2026-09-30T23:27:48.0494652Z tests/test_api_contracts.py::TestTbnFunctionsExported::test_cube_tbn_data_count PASSED [ 38%]
Fast Contract	Run focused CENSOR truth contracts	2026-09-30T23:27:48.0502397Z tests/test_api_contracts.py::TestTbnFunctionsExported::test_cube_vertex_dict_structure PASSED [ 38%]
Fast Contract	Run focused CENSOR truth contracts	2026-09-30T23:27:48.0510076Z tests/test_api_contracts.py::TestTbnFunctionsExported::test_cube_tbn_dict_structure PASSED [ 38%]
Fast Contract	Run focused CENSOR truth contracts	2026-09-30T23:27:48.0517550Z tests/test_api_contracts.py::TestTbnFunctionsExported::test_plane_tbn_4x4_vertex_count PASSED [ 39%]
Fast Contract	Run focused CENSOR truth contracts	2026-09-30T23:27:48.0524734Z tests/test_api_contracts.py::TestTbnFunctionsExported::test_plane_tbn_4x4_index_count PASSED [ 39%]
Fast Contract	Run focused CENSOR truth contracts	2026-09-30T23:27:48.0532172Z tests/test_api_contracts.py::TestTbnFunctionsExported::test_plane_tbn_4x4_tbn_count PASSED [ 39%]
Fast Contract	Run focused CENSOR truth contracts	2026-09-30T23:27:48.0538784Z tests/test_api_contracts.py::TestTbnFunctionsExported::test_plane_tbn_rejects_small_dimensions PASSED [ 39%]
Fast Contract	Run focused CENSOR truth contracts	2026-09-30T23:27:48.0588092Z tests/test_api_contracts.py::TestTbnFunctionsExported::test_python_wrapper_uses_native_path PASSED [ 39%]
Fast Contract	Run focused CENSOR truth contracts	2026-09-30T23:27:48.0595341Z tests/test_api_contracts.py::TestTbnFunctionsExported::test_python_wrapper_plane_native_path PASSED [ 39%]
Fast Contract	Run focused CENSOR truth contracts	2026-09-30T23:27:48.0601595Z tests/test_api_contracts.py::TestPackageLevelApiContracts::test_package_exports_symbols PASSED [ 40%]
Fast Contract	Run focused CENSOR truth contracts	2026-09-30T23:27:48.0607270Z tests/test_api_contracts.py::TestPackageLevelApiContracts::test_version_is_string PASSED [ 40%]
Fast Contract	Run focused CENSOR truth contracts	2026-09-30T23:27:48.0634308Z tests/test_api_contracts.py::TestPackageLevelApiContracts::test_has_gpu_returns_bool PASSED [ 40%]
Fast Contract	Run focused CENSOR truth contracts	2026-09-30T23:27:48.0640836Z tests/test_api_contracts.py::TestPackageLevelApiContracts::test_precision_module_exports_native_proof_calls PASSED [ 40%]
Fast Contract	Run focused CENSOR truth contracts	2026-09-30T23:27:48.0646510Z tests/test_api_contracts.py::TestPackageLevelApiContracts::test_legacy_render_api_removed PASSED [ 40%]
Fast Contract	Run focused CENSOR truth contracts	2026-09-30T23:27:48.0656730Z tests/test_api_contracts.py::TestCartographerPrimeNativeContract::test_generic_optimal_dispatch_matches_compatibility_alias PASSED [ 40%]
Fast Contract	Run focused CENSOR truth contracts	2026-09-30T23:27:48.0665163Z tests/test_api_contracts.py::TestCartographerPrimeNativeContract::test_invalid_candidate_is_rejected[candidate0] PASSED [ 41%]
Fast Contract	Run focused CENSOR truth contracts	2026-09-30T23:27:48.0672795Z tests/test_api_contracts.py::TestCartographerPrimeNativeContract::test_invalid_candidate_is_rejected[candidate1] PASSED [ 41%]
Fast Contract	Run focused CENSOR truth contracts	2026-09-30T23:27:48.0680235Z tests/test_api_contracts.py::TestCartographerPrimeNativeContract::test_invalid_candidate_is_rejected[candidate2] PASSED [ 41%]
Fast Contract	Run focused CENSOR truth contracts	2026-09-30T23:27:48.0687401Z tests/test_api_contracts.py::TestCartographerPrimeNativeContract::test_duplicate_candidate_identity_is_rejected PASSED [ 41%]
Fast Contract	Run focused CENSOR truth contracts	2026-09-30T23:27:48.0695200Z tests/test_api_contracts.py::TestCartographerPrimeNativeContract::test_degenerate_or_quantization_collapsed_bounds_are_rejected[bounds0] PASSED [ 41%]
Fast Contract	Run focused CENSOR truth contracts	2026-09-30T23:27:48.0702530Z tests/test_api_contracts.py::TestCartographerPrimeNativeContract::test_degenerate_or_quantization_collapsed_bounds_are_rejected[bounds1] PASSED [ 41%]
Fast Contract	Run focused CENSOR truth contracts	2026-09-30T23:27:48.0709851Z tests/test_api_contracts.py::TestCartographerPrimeNativeContract::test_large_weight_aggregate_does_not_overflow PASSED [ 41%]
Fast Contract	Run focused CENSOR truth contracts	2026-09-30T23:27:48.0717411Z tests/test_api_contracts.py::TestCartographerPrimeNativeContract::test_raw_priority_is_primary_over_cardinality PASSED [ 42%]
Fast Contract	Run focused CENSOR truth contracts	2026-09-30T23:27:48.0724561Z tests/test_api_contracts.py::TestCartographerPrimeNativeContract::test_large_box_overlap_area_does_not_overflow PASSED [ 42%]
Fast Contract	Run focused CENSOR truth contracts	2026-09-30T23:27:48.0731766Z tests/test_api_contracts.py::TestCartographerPrimeNativeContract::test_visibility_gate_is_solver_only_evidence PASSED [ 42%]
Fast Contract	Run focused CENSOR truth contracts	2026-09-30T23:27:48.0738774Z tests/test_api_contracts.py::TestCartographerPrimeNativeContract::test_unsupported_generic_algorithm_is_explicit PASSED [ 42%]
Fast Contract	Run focused CENSOR truth contracts	2026-09-30T23:27:48.0746471Z tests/test_api_contracts.py::TestCartographerPrimeNativeContract::test_internal_depth_host_reservation_lifetime_and_double_close PASSED [ 42%]
Fast Contract	Run focused CENSOR truth contracts	2026-09-30T23:27:48.0754672Z tests/test_api_contracts.py::TestCartographerPrimeNativeContract::test_canonical_clippy_aliases_are_single_strings PASSED [ 42%]
Fast Contract	Run focused CENSOR truth contracts	2026-09-30T23:27:48.0760492Z tests/test_api_contracts.py::TestGeometryFunctionContracts::test_instanced_pbr_keyword_is_exposed PASSED [ 43%]
Fast Contract	Run focused CENSOR truth contracts	2026-09-30T23:27:48.0766004Z tests/test_api_contracts.py::TestGeometryFunctionContracts::test_geometry_functions_exist PASSED [ 43%]
Fast Contract	Run focused CENSOR truth contracts	2026-09-30T23:27:48.0771775Z tests/test_api_contracts.py::TestCameraFunctionContracts::test_camera_functions_exist PASSED [ 43%]
Fast Contract	Run focused CENSOR truth contracts	2026-09-30T23:27:48.0777351Z tests/test_api_contracts.py::TestIoFunctionContracts::test_io_functions_exist PASSED [ 43%]
Fast Contract	Run focused CENSOR truth contracts	2026-09-30T23:27:48.0782917Z tests/test_api_contracts.py::TestTransformFunctionContracts::test_transform_functions_exist PASSED [ 43%]
Fast Contract	Run focused CENSOR truth contracts	2026-09-30T23:27:48.0789562Z tests/test_api_contracts.py::TestNativeModuleSymbolCount::test_native_module_has_minimum_symbols PASSED [ 43%]
Fast Contract	Run focused CENSOR truth contracts	2026-09-30T23:27:48.0795016Z tests/test_api_contracts.py::TestOffscreenRenderRouting::test_native_scene_detected_correctly PASSED [ 44%]
Fast Contract	Run focused CENSOR truth contracts	2026-09-30T23:27:48.0800594Z tests/test_api_contracts.py::TestOffscreenRenderRouting::test_non_native_scene_rejected PASSED [ 44%]
Fast Contract	Run focused CENSOR truth contracts	2026-09-30T23:27:48.0825155Z tests/test_api_contracts.py::TestOffscreenRenderRouting::test_fallback_used_when_no_scene PASSED [ 44%]
Fast Contract	Run focused CENSOR truth contracts	2026-09-30T23:27:48.0834095Z tests/test_api_contracts.py::TestOffscreenRenderRouting::test_fallback_used_for_non_native_scene PASSED [ 44%]
Fast Contract	Run focused CENSOR truth contracts	2026-09-30T23:27:48.0840113Z tests/test_api_contracts.py::TestOffscreenRenderRouting::test_render_rgba_is_instance_method_not_module_function PASSED [ 44%]
Fast Contract	Run focused CENSOR truth contracts	2026-09-30T23:27:48.0845535Z tests/test_api_contracts.py::TestMsaaSetterRouting::test_set_msaa_samples_not_on_module PASSED [ 44%]
Fast Contract	Run focused CENSOR truth contracts	2026-09-30T23:27:48.0851022Z tests/test_api_contracts.py::TestMsaaSetterRouting::test_set_msaa_samples_on_scene_class PASSED [ 45%]
Fast Contract	Run focused CENSOR truth contracts	2026-09-30T23:27:48.0857733Z tests/test_api_contracts.py::TestMsaaSetterRouting::test_viewer_set_msaa_validates_samples PASSED [ 45%]
Fast Contract	Run focused CENSOR truth contracts	2026-09-30T23:27:48.0863324Z tests/test_api_contracts.py::TestMsaaSetterRouting::test_viewer_set_msaa_accepts_valid_samples PASSED [ 45%]
Fast Contract	Run focused CENSOR truth contracts	2026-09-30T23:27:48.0869298Z tests/test_api_contracts.py::TestTerrainRendererHeightStreamingContract::test_terrain_renderer_streaming_methods_exist PASSED [ 45%]
Fast Contract	Run focused CENSOR truth contracts	2026-09-30T23:27:48.0875366Z tests/test_api_contracts.py::TestSsgiSsrSettingsWiring::test_ssgi_settings_defaults PASSED [ 45%]
Fast Contract	Run focused CENSOR truth contracts	2026-09-30T23:27:48.0881423Z tests/test_api_contracts.py::TestSsgiSsrSettingsWiring::test_ssgi_settings_custom_values_differ PASSED [ 45%]
Fast Contract	Run focused CENSOR truth contracts	2026-09-30T23:27:48.0887803Z tests/test_api_contracts.py::TestSsgiSsrSettingsWiring::test_ssgi_settings_all_fields_accessible PASSED [ 46%]
Fast Contract	Run focused CENSOR truth contracts	2026-09-30T23:27:48.0893725Z tests/test_api_contracts.py::TestSsgiSsrSettingsWiring::test_ssr_settings_defaults PASSED [ 46%]
Fast Contract	Run focused CENSOR truth contracts	2026-09-30T23:27:48.0899860Z tests/test_api_contracts.py::TestSsgiSsrSettingsWiring::test_ssr_settings_custom_values_differ PASSED [ 46%]
Fast Contract	Run focused CENSOR truth contracts	2026-09-30T23:27:48.0906113Z tests/test_api_contracts.py::TestSsgiSsrSettingsWiring::test_ssr_settings_all_fields_accessible PASSED [ 46%]
Fast Contract	Run focused CENSOR truth contracts	2026-09-30T23:27:48.0911691Z tests/test_api_contracts.py::TestSsgiSsrSettingsWiring::test_scene_has_ssgi_methods PASSED [ 46%]
Fast Contract	Run focused CENSOR truth contracts	2026-09-30T23:27:48.0916925Z tests/test_api_contracts.py::TestSsgiSsrSettingsWiring::test_scene_has_ssr_methods PASSED [ 46%]
Fast Contract	Run focused CENSOR truth contracts	2026-09-30T23:27:48.0922522Z tests/test_api_contracts.py::TestSsgiSsrSettingsWiring::test_scene_has_native_text_halo_method PASSED [ 47%]
Fast Contract	Run focused CENSOR truth contracts	2026-09-30T23:27:48.0927993Z tests/test_api_contracts.py::TestSsgiSsrSettingsWiring::test_terrain_params_exposes_screen_space_settings PASSED [ 47%]
Fast Contract	Run focused CENSOR truth contracts	2026-09-30T23:27:48.0933586Z tests/test_api_contracts.py::TestSsgiSsrSettingsWiring::test_terrain_params_exposes_terrain_shading_model PASSED [ 47%]
Fast Contract	Run focused CENSOR truth contracts	2026-09-30T23:27:48.0939156Z tests/test_api_contracts.py::TestBloomSettingsWiring::test_scene_has_bloom_methods PASSED [ 47%]
Fast Contract	Run focused CENSOR truth contracts	2026-09-30T23:27:48.0944658Z tests/test_api_contracts.py::TestBloomSettingsWiring::test_bloom_settings_default_disabled PASSED [ 47%]
Fast Contract	Run focused CENSOR truth contracts	2026-09-30T23:27:48.0950346Z tests/test_api_contracts.py::TestBloomSettingsWiring::test_bloom_settings_enabled_custom PASSED [ 47%]
Fast Contract	Run focused CENSOR truth contracts	2026-09-30T23:27:48.0956522Z tests/test_api_contracts.py::TestBloomSettingsWiring::test_bloom_settings_rejects_negative_threshold PASSED [ 47%]
Fast Contract	Run focused CENSOR truth contracts	2026-09-30T23:27:48.0962671Z tests/test_api_contracts.py::TestBloomSettingsWiring::test_bloom_settings_rejects_invalid_softness PASSED [ 48%]
Fast Contract	Run focused CENSOR truth contracts	2026-09-30T23:27:48.0968902Z tests/test_api_contracts.py::TestBloomSettingsWiring::test_bloom_settings_rejects_negative_intensity PASSED [ 48%]
Fast Contract	Run focused CENSOR truth contracts	2026-09-30T23:27:48.0974897Z tests/test_api_contracts.py::TestBloomSettingsWiring::test_bloom_settings_rejects_zero_radius PASSED [ 48%]
Fast Contract	Run focused CENSOR truth contracts	2026-09-30T23:27:48.0983179Z tests/test_api_contracts.py::TestBloomSettingsWiring::test_bloom_in_terrain_params PASSED [ 48%]
Fast Contract	Run focused CENSOR truth contracts	2026-09-30T23:27:48.0988976Z tests/test_api_contracts.py::TestTerrainAnalysisApi::test_terrain_spike_analysis_methods_exist_on_class PASSED [ 48%]
Fast Contract	Run focused CENSOR truth contracts	2026-09-30T23:27:48.0995907Z tests/test_api_contracts.py::TestTerrainAnalysisApi::test_slope_flat_surface SKIPPED [ 48%]
Fast Contract	Run focused CENSOR truth contracts	2026-09-30T23:27:48.1002509Z tests/test_api_contracts.py::TestTerrainAnalysisApi::test_slope_east_ramp SKIPPED [ 49%]
Fast Contract	Run focused CENSOR truth contracts	2026-09-30T23:27:48.1010253Z tests/test_api_contracts.py::TestTerrainAnalysisApi::test_slope_rejects_wrong_size SKIPPED [ 49%]
Fast Contract	Run focused CENSOR truth contracts	2026-09-30T23:27:48.1016531Z tests/test_api_contracts.py::TestTerrainAnalysisApi::test_slope_rejects_small_grid SKIPPED [ 49%]
Fast Contract	Run focused CENSOR truth contracts	2026-09-30T23:27:48.1022969Z tests/test_api_contracts.py::TestTerrainAnalysisApi::test_contour_gaussian SKIPPED [ 49%]
Fast Contract	Run focused CENSOR truth contracts	2026-09-30T23:27:48.1029729Z tests/test_api_contracts.py::TestTerrainAnalysisApi::test_contour_rejects_empty_levels SKIPPED [ 49%]
Fast Contract	Run focused CENSOR truth contracts	2026-09-30T23:27:48.1035914Z tests/test_api_contracts.py::TestTerrainAnalysisApi::test_contour_no_crossing SKIPPED [ 49%]
Fast Contract	Run focused CENSOR truth contracts	2026-09-30T23:27:48.1041619Z tests/test_api_contracts.py::TestTerrainAnalysisApi::test_no_module_level_slope_function PASSED [ 50%]
Fast Contract	Run focused CENSOR truth contracts	2026-09-30T23:27:48.1046900Z tests/test_api_contracts.py::TestPointCloudBuffer::test_point_buffer_registered PASSED [ 50%]
Fast Contract	Run focused CENSOR truth contracts	2026-09-30T23:27:48.1060105Z tests/test_api_contracts.py::TestPointCloudBuffer::test_create_gpu_buffer_empty PASSED [ 50%]
Fast Contract	Run focused CENSOR truth contracts	2026-09-30T23:27:48.1066739Z tests/test_api_contracts.py::TestPointCloudBuffer::test_create_gpu_buffer_positions_only PASSED [ 50%]
Fast Contract	Run focused CENSOR truth contracts	2026-09-30T23:27:48.1073391Z tests/test_api_contracts.py::TestPointCloudBuffer::test_create_gpu_buffer_anchored_preserves_earth_scale_offset PASSED [ 50%]
Fast Contract	Run focused CENSOR truth contracts	2026-09-30T23:27:48.1079879Z tests/test_api_contracts.py::TestPointCloudBuffer::test_create_gpu_buffer_with_colors PASSED [ 50%]
Fast Contract	Run focused CENSOR truth contracts	2026-09-30T23:27:48.1085579Z tests/test_api_contracts.py::TestPointCloudBuffer::test_gpu_byte_size PASSED [ 51%]
Fast Contract	Run focused CENSOR truth contracts	2026-09-30T23:27:48.1091807Z tests/test_api_contracts.py::TestPointCloudBuffer::test_create_viewer_gpu_buffer_empty PASSED [ 51%]
Fast Contract	Run focused CENSOR truth contracts	2026-09-30T23:27:48.1098386Z tests/test_api_contracts.py::TestPointCloudBuffer::test_create_viewer_gpu_buffer_layout PASSED [ 51%]
Fast Contract	Run focused CENSOR truth contracts	2026-09-30T23:27:48.1104467Z tests/test_api_contracts.py::TestPointCloudBuffer::test_create_viewer_gpu_buffer_with_colors PASSED [ 51%]
Fast Contract	Run focused CENSOR truth contracts	2026-09-30T23:27:48.1112042Z tests/test_api_contracts.py::TestPointCloudBuffer::test_viewer_buffer_byte_count PASSED [ 51%]
Fast Contract	Run focused CENSOR truth contracts	2026-09-30T23:27:48.1118732Z tests/test_api_contracts.py::TestPointCloudBuffer::test_validation_bad_positions PASSED [ 51%]
Fast Contract	Run focused CENSOR truth contracts	2026-09-30T23:27:48.1124692Z tests/test_api_contracts.py::TestPointCloudBuffer::test_validation_bad_colors PASSED [ 52%]
Fast Contract	Run focused CENSOR truth contracts	2026-09-30T23:27:48.1130526Z tests/test_api_contracts.py::TestPointCloudBuffer::test_point_count PASSED [ 52%]
Fast Contract	Run focused CENSOR truth contracts	2026-09-30T23:27:48.1136188Z tests/test_api_contracts.py::TestPointCloudBuffer::test_repr PASSED      [ 52%]
Fast Contract	Run focused CENSOR truth contracts	2026-09-30T23:27:48.1218301Z tests/test_api_contracts.py::TestPointCloudBuffer::test_cpu_fallback_intact PASSED [ 52%]
Fast Contract	Run focused CENSOR truth contracts	2026-09-30T23:27:48.1225041Z tests/test_api_contracts.py::TestPointCloudBuffer::test_fixture_exists PASSED [ 52%]
Fast Contract	Run focused CENSOR truth contracts	2026-09-30T23:27:48.1232943Z tests/test_api_contracts.py::TestCopcLazDecompression::test_copc_laz_enabled_function_exists PASSED [ 52%]
Fast Contract	Run focused CENSOR truth contracts	2026-09-30T23:27:48.1239121Z tests/test_api_contracts.py::TestCopcLazDecompression::test_copc_laz_feature_flag_is_boolean PASSED [ 52%]
Fast Contract	Run focused CENSOR truth contracts	2026-09-30T23:27:48.1245268Z tests/test_api_contracts.py::TestCopcLazDecompression::test_read_laz_points_info_function_exists PASSED [ 53%]
Fast Contract	Run focused CENSOR truth contracts	2026-09-30T23:27:48.1251547Z tests/test_api_contracts.py::TestCopcLazDecompression::test_read_laz_point_attributes_function_exists PASSED [ 53%]
Fast Contract	Run focused CENSOR truth contracts	2026-09-30T23:27:48.1257562Z tests/test_api_contracts.py::TestCopcLazDecompression::test_fixture_exists PASSED [ 53%]
Fast Contract	Run focused CENSOR truth contracts	2026-09-30T23:27:48.1289241Z tests/test_api_contracts.py::TestCopcLazDecompression::test_read_laz_returns_tuple PASSED [ 53%]
Fast Contract	Run focused CENSOR truth contracts	2026-09-30T23:27:48.1318349Z tests/test_api_contracts.py::TestCopcLazDecompression::test_decoded_point_count PASSED [ 53%]
Fast Contract	Run focused CENSOR truth contracts	2026-09-30T23:27:48.1347844Z tests/test_api_contracts.py::TestCopcLazDecompression::test_sample_coordinates_valid PASSED [ 53%]
Fast Contract	Run focused CENSOR truth contracts	2026-09-30T23:27:48.1376888Z tests/test_api_contracts.py::TestCopcLazDecompression::test_sample_coordinates_in_expected_range PASSED [ 54%]
Fast Contract	Run focused CENSOR truth contracts	2026-09-30T23:27:48.1406074Z tests/test_api_contracts.py::TestCopcLazDecompression::test_multiple_points_decoded PASSED [ 54%]
Fast Contract	Run focused CENSOR truth contracts	2026-09-30T23:27:48.1435488Z tests/test_api_contracts.py::TestCopcLazDecompression::test_laz_attributes_include_classification_and_intensity PASSED [ 54%]
Fast Contract	Run focused CENSOR truth contracts	2026-09-30T23:27:48.1441873Z tests/test_api_contracts.py::TestCopcLazDecompression::test_read_laz_nonexistent_file_raises PASSED [ 54%]
Fast Contract	Run focused CENSOR truth contracts	2026-09-30T23:27:48.1450322Z tests/test_api_contracts.py::TestCopcLazDecompression::test_read_laz_invalid_file_raises PASSED [ 54%]
Fast Contract	Run focused CENSOR truth contracts	2026-09-30T23:27:48.1455799Z tests/test_api_contracts.py::TestLabelBindings::test_label_style_registered PASSED [ 54%]
Fast Contract	Run focused CENSOR truth contracts	2026-09-30T23:27:48.1461694Z tests/test_api_contracts.py::TestLabelBindings::test_label_flags_registered PASSED [ 55%]
Fast Contract	Run focused CENSOR truth contracts	2026-09-30T23:27:48.1469434Z tests/test_api_contracts.py::TestLabelBindings::test_label_style_defaults PASSED [ 55%]
Fast Contract	Run focused CENSOR truth contracts	2026-09-30T23:27:48.1475290Z tests/test_api_contracts.py::TestLabelBindings::test_label_flags_defaults PASSED [ 55%]
Fast Contract	Run focused CENSOR truth contracts	2026-09-30T23:27:48.1483974Z tests/test_api_contracts.py::TestLabelBindings::test_label_style_set_fields PASSED [ 55%]
Fast Contract	Run focused CENSOR truth contracts	2026-09-30T23:27:48.1489918Z tests/test_api_contracts.py::TestLabelBindings::test_label_flags_set PASSED [ 55%]
Fast Contract	Run focused CENSOR truth contracts	2026-09-30T23:27:48.1495648Z tests/test_api_contracts.py::TestLabelBindings::test_label_style_color_tuple PASSED [ 55%]
Fast Contract	Run focused CENSOR truth contracts	2026-09-30T23:27:48.1501410Z tests/test_api_contracts.py::TestLabelBindings::test_label_style_repr PASSED [ 56%]
Fast Contract	Run focused CENSOR truth contracts	2026-09-30T23:27:48.1508106Z tests/test_api_contracts.py::TestLabelBindings::test_label_style_from_kwargs PASSED [ 56%]
Fast Contract	Run focused CENSOR truth contracts	2026-09-30T23:27:48.1513622Z tests/test_api_contracts.py::test_offscreen_prefers_scene_method PASSED  [ 56%]
Fast Contract	Run focused CENSOR truth contracts	2026-09-30T23:27:48.1527033Z tests/test_api_contracts.py::test_offscreen_fallback_without_scene PASSED [ 56%]
Fast Contract	Run focused CENSOR truth contracts	2026-09-30T23:27:48.1532748Z tests/test_api_contracts.py::test_viewer_set_msaa_no_module_level_native_dependency PASSED [ 56%]
Fast Contract	Run focused CENSOR truth contracts	2026-09-30T23:27:48.1538890Z tests/test_api_contracts.py::test_frame_importable PASSED                [ 56%]
Fast Contract	Run focused CENSOR truth contracts	2026-09-30T23:27:48.1543947Z tests/test_api_contracts.py::test_sdf_classes_importable PASSED          [ 57%]
Fast Contract	Run focused CENSOR truth contracts	2026-09-30T23:27:48.1549326Z tests/test_api_contracts.py::test_mesh_tbn_native_exports PASSED         [ 57%]
Fast Contract	Run focused CENSOR truth contracts	2026-09-30T23:27:48.1559139Z tests/test_api_contracts.py::test_mesh_tbn_native_shape_contract PASSED  [ 57%]
Fast Contract	Run focused CENSOR truth contracts	2026-09-30T23:27:48.1573562Z tests/test_api_contracts.py::test_scene_stub_matches_runtime PASSED      [ 57%]
Fast Contract	Run focused CENSOR truth contracts	2026-09-30T23:27:48.1581068Z tests/test_solar_spa.py::test_spa_worked_example_matches_nrel PASSED     [ 57%]
Fast Contract	Run focused CENSOR truth contracts	2026-09-30T23:27:48.1598471Z tests/test_solar_spa.py::test_spa_matches_official_reference_rows PASSED [ 57%]
Fast Contract	Run focused CENSOR truth contracts	2026-09-30T23:27:48.1605542Z tests/test_solar_spa.py::test_solar_time_is_an_explicit_timezone_free_contract PASSED [ 58%]
Fast Contract	Run focused CENSOR truth contracts	2026-09-30T23:27:48.1613591Z tests/test_solar_spa.py::test_spa_rejects_invalid_physical_inputs[latitude-90.0001] PASSED [ 58%]
Fast Contract	Run focused CENSOR truth contracts	2026-09-30T23:27:48.1621015Z tests/test_solar_spa.py::test_spa_rejects_invalid_physical_inputs[longitude-180.0001] PASSED [ 58%]
Fast Contract	Run focused CENSOR truth contracts	2026-09-30T23:27:48.1627973Z tests/test_solar_spa.py::test_spa_rejects_invalid_physical_inputs[pressure_mbar-0.0] PASSED [ 58%]
Fast Contract	Run focused CENSOR truth contracts	2026-09-30T23:27:48.1635596Z tests/test_solar_spa.py::test_spa_rejects_invalid_physical_inputs[temperature_c--273.15] PASSED [ 58%]
Fast Contract	Run focused CENSOR truth contracts	2026-09-30T23:27:48.1642793Z tests/test_solar_spa.py::test_spa_rejects_invalid_physical_inputs[tz_offset_hours-19.0] PASSED [ 58%]
Fast Contract	Run focused CENSOR truth contracts	2026-09-30T23:27:48.1683327Z tests/test_solar_spa.py::test_helios_verifier_writes_exact_metrics_and_pass_markers PASSED [ 58%]
Fast Contract	Run focused CENSOR truth contracts	2026-09-30T23:27:48.1698751Z tests/test_solar_spa.py::test_helios_verifier_rejects_candidate_mismatch PASSED [ 59%]
Fast Contract	Run focused CENSOR truth contracts	2026-09-30T23:27:48.1716486Z tests/test_solar_spa.py::test_helios_verifier_rejects_nonphysical_adapter PASSED [ 59%]
Fast Contract	Run focused CENSOR truth contracts	2026-09-30T23:27:48.1734528Z tests/test_solar_spa.py::test_helios_verifier_rejects_nonproducer_adapter_envelope PASSED [ 59%]
Fast Contract	Run focused CENSOR truth contracts	2026-09-30T23:27:48.1754234Z tests/test_solar_spa.py::test_helios_verifier_rejects_relaxed_load_bearing_metric PASSED [ 59%]
Fast Contract	Run focused CENSOR truth contracts	2026-09-30T23:27:48.1776570Z tests/test_solar_spa.py::test_helios_verifier_rejects_invalid_production_gpu_proof[root-status-NOT_PROVEN-candidate and strict lane] PASSED [ 59%]
Fast Contract	Run focused CENSOR truth contracts	2026-09-30T23:27:48.1799115Z tests/test_solar_spa.py::test_helios_verifier_rejects_invalid_production_gpu_proof[root-candidate_sha-2222222222222222222222222222222222222222-candidate and strict lane] PASSED [ 59%]
Fast Contract	Run focused CENSOR truth contracts	2026-09-30T23:27:48.1822216Z tests/test_solar_spa.py::test_helios_verifier_rejects_invalid_production_gpu_proof[root-strict_physical_required-False-candidate and strict lane] PASSED [ 60%]
Fast Contract	Run focused CENSOR truth contracts	2026-09-30T23:27:48.1844178Z tests/test_solar_spa.py::test_helios_verifier_rejects_invalid_production_gpu_proof[metrics-rays-9999-GPU ray gate] PASSED [ 60%]
Fast Contract	Run focused CENSOR truth contracts	2026-09-30T23:27:48.1865489Z tests/test_solar_spa.py::test_helios_verifier_rejects_invalid_production_gpu_proof[metrics-false_misses-1-GPU ray gate] PASSED [ 60%]
Fast Contract	Run focused CENSOR truth contracts	2026-09-30T23:27:48.1888039Z tests/test_solar_spa.py::test_helios_verifier_rejects_invalid_production_gpu_proof[metrics-shadow_mask_agreement-0.998-GPU shadow-mask gate] PASSED [ 60%]
Fast Contract	Run focused CENSOR truth contracts	2026-09-30T23:27:48.1908957Z tests/test_solar_spa.py::test_helios_verifier_rejects_each_mutated_producer_identity[status-missing] PASSED [ 60%]
Fast Contract	Run focused CENSOR truth contracts	2026-09-30T23:27:48.1929835Z tests/test_solar_spa.py::test_helios_verifier_rejects_each_mutated_producer_identity[name-NVIDIA stale adapter] PASSED [ 60%]
Fast Contract	Run focused CENSOR truth contracts	2026-09-30T23:27:48.1950642Z tests/test_solar_spa.py::test_helios_verifier_rejects_each_mutated_producer_identity[vendor-4660] PASSED [ 61%]
Fast Contract	Run focused CENSOR truth contracts	2026-09-30T23:27:48.1971648Z tests/test_solar_spa.py::test_helios_verifier_rejects_each_mutated_producer_identity[device-1] PASSED [ 61%]
Fast Contract	Run focused CENSOR truth contracts	2026-09-30T23:27:48.1992089Z tests/test_solar_spa.py::test_helios_verifier_rejects_each_mutated_producer_identity[device_type-IntegratedGpu] PASSED [ 61%]
Fast Contract	Run focused CENSOR truth contracts	2026-09-30T23:27:48.2012434Z tests/test_solar_spa.py::test_helios_verifier_rejects_each_mutated_producer_identity[backend-Dx12] PASSED [ 61%]
Fast Contract	Run focused CENSOR truth contracts	2026-09-30T23:27:48.2033122Z tests/test_solar_spa.py::test_helios_verifier_rejects_each_mutated_producer_identity[driver-stale-driver] PASSED [ 61%]
Fast Contract	Run focused CENSOR truth contracts	2026-09-30T23:27:48.2054122Z tests/test_solar_spa.py::test_helios_verifier_rejects_each_mutated_producer_identity[driver_info-stale-driver-info] PASSED [ 61%]
Fast Contract	Run focused CENSOR truth contracts	2026-09-30T23:27:48.2074576Z tests/test_solar_spa.py::test_helios_verifier_rejects_each_mutated_producer_identity[software_fallback-True] PASSED [ 62%]
Fast Contract	Run focused CENSOR truth contracts	2026-09-30T23:27:48.2095288Z tests/test_solar_spa.py::test_helios_verifier_rejects_each_mutated_producer_identity[software_classification-software] PASSED [ 62%]
Fast Contract	Run focused CENSOR truth contracts	2026-09-30T23:27:48.2112649Z tests/test_solar_spa.py::test_helios_verifier_rejects_missing_production_gpu_proof PASSED [ 62%]
Fast Contract	Run focused CENSOR truth contracts	2026-09-30T23:27:48.2132203Z tests/test_solar_spa.py::test_helios_verifier_rejects_historical_global_peak_schema PASSED [ 62%]
Fast Contract	Run focused CENSOR truth contracts	2026-09-30T23:27:48.2155149Z tests/test_solar_spa.py::test_helios_verifier_rejects_unbound_memory_comparison[native_sha256-bbbbbbbbbbbbbbbbbbbbbbbbbbbbbbbbbbbbbbbbbbbbbbbbbbbbbbbbbbbbbbbb-native SHA-256 mismatch] PASSED [ 62%]
Fast Contract	Run focused CENSOR truth contracts	2026-09-30T23:27:48.2176988Z tests/test_solar_spa.py::test_helios_verifier_rejects_unbound_memory_comparison[adapter-value1-adapter mismatch] PASSED [ 62%]
Fast Contract	Run focused CENSOR truth contracts	2026-09-30T23:27:48.2199769Z tests/test_solar_spa.py::test_helios_verifier_rejects_unbound_memory_comparison[workload-value2-workload mismatch] PASSED [ 63%]
Fast Contract	Run focused CENSOR truth contracts	2026-09-30T23:27:48.2220127Z tests/test_solar_spa.py::test_helios_verifier_rejects_failed_memory_subprocess PASSED [ 63%]
Fast Contract	Run focused CENSOR truth contracts	2026-09-30T23:27:48.2242468Z tests/test_solar_spa.py::test_helios_verifier_rejects_memory_growth_over_five_percent[peak_host_visible_bytes] PASSED [ 63%]
Fast Contract	Run focused CENSOR truth contracts	2026-09-30T23:27:48.2264099Z tests/test_solar_spa.py::test_helios_verifier_rejects_memory_growth_over_five_percent[gpu_resource_bytes] PASSED [ 63%]
Fast Contract	Run focused CENSOR truth contracts	2026-09-30T23:27:48.2285249Z tests/test_solar_spa.py::test_helios_verifier_rejects_minmax_pyramid_mismatch PASSED [ 63%]
Fast Contract	Run focused CENSOR truth contracts	2026-09-30T23:27:48.2305939Z tests/test_solar_spa.py::test_helios_verifier_rejects_incomplete_path_memory PASSED [ 63%]
Fast Contract	Run focused CENSOR truth contracts	2026-09-30T23:27:48.2326612Z tests/test_solar_spa.py::test_helios_verifier_rejects_unreleased_path_memory PASSED [ 64%]
Fast Contract	Run focused CENSOR truth contracts	2026-09-30T23:27:48.2347280Z tests/test_solar_spa.py::test_helios_verifier_rejects_path_memory_over_budget PASSED [ 64%]
Fast Contract	Run focused CENSOR truth contracts	2026-09-30T23:27:48.2355807Z tests/test_solar_spa.py::test_helios_ci_path_filter_covers_trust_boundary PASSED [ 64%]
Fast Contract	Run focused CENSOR truth contracts	2026-09-30T23:27:48.2384185Z tests/test_capability_negotiation.py::test_capabilities_reports_requested_and_granted SKIPPED [ 64%]
Fast Contract	Run focused CENSOR truth contracts	2026-09-30T23:27:48.2410261Z tests/test_capability_negotiation.py::test_absent_capability_is_recorded_not_fatal SKIPPED [ 64%]
Fast Contract	Run focused CENSOR truth contracts	2026-09-30T23:27:48.2417435Z tests/test_capability_negotiation.py::test_production_device_paths_do_not_request_empty_features PASSED [ 64%]
Fast Contract	Run focused CENSOR truth contracts	2026-09-30T23:27:48.3262380Z tests/test_capability_negotiation.py::test_no_default_device_descriptor_requests_in_production_code PASSED [ 64%]
Fast Contract	Run focused CENSOR truth contracts	2026-09-30T23:27:48.5675231Z tests/test_capability_negotiation.py::test_indirect_draw_capability_checks_live_only_in_the_recorder PASSED [ 65%]
Fast Contract	Run focused CENSOR truth contracts	2026-09-30T23:27:48.5682443Z tests/test_capability_negotiation.py::test_terrain_indirect_fallback_is_recorded_at_the_taken_branch PASSED [ 65%]
Fast Contract	Run focused CENSOR truth contracts	2026-09-30T23:27:48.5711888Z tests/test_capability_negotiation.py::test_indirect_draw_fallback_matches_granted_capabilities SKIPPED [ 65%]
Fast Contract	Run focused CENSOR truth contracts	2026-09-30T23:27:48.5719532Z tests/test_capability_negotiation.py::test_viewer_gpu_timing_readback_is_non_blocking PASSED [ 65%]
Fast Contract	Run focused CENSOR truth contracts	2026-09-30T23:27:48.5744588Z tests/test_budget_enforce.py::test_600mib_host_visible_raises_named_budget_error SKIPPED [ 65%]
Fast Contract	Run focused CENSOR truth contracts	2026-09-30T23:27:48.5753786Z tests/test_memory_budget_policy.py::test_default_budget_policy_is_enforce PASSED [ 65%]
Fast Contract	Run focused CENSOR truth contracts	2026-09-30T23:27:48.5761220Z tests/test_memory_budget_policy.py::test_set_budget_policy_validates_values PASSED [ 66%]
Fast Contract	Run focused CENSOR truth contracts	2026-09-30T23:27:48.5767296Z tests/test_memory_budget_policy.py::test_budget_policy_alias_delegates_to_set_budget_policy PASSED [ 66%]
Fast Contract	Run focused CENSOR truth contracts	2026-09-30T23:27:48.5774769Z tests/test_memory_budget_policy.py::test_fallback_enforce_policy_raises_when_budget_exceeded PASSED [ 66%]
Fast Contract	Run focused CENSOR truth contracts	2026-09-30T23:27:48.5791128Z tests/test_memory_budget_policy.py::test_fallback_warn_policy_reports_over_budget_without_raising PASSED [ 66%]
Fast Contract	Run focused CENSOR truth contracts	2026-09-30T23:27:48.5792623Z tests/test_memory_budget_policy.py::test_native_memory_metrics_expose_policy_when_available PASSED [ 66%]
Fast Contract	Run focused CENSOR truth contracts	2026-09-30T23:27:48.8242826Z tests/test_device_init_failure.py::test_bad_backend_env_raises_python_exception_not_abort PASSED [ 66%]
Fast Contract	Run focused CENSOR truth contracts	2026-09-30T23:27:49.0691283Z tests/test_device_init_failure.py::test_bad_backend_env_via_session_raises_not_abort PASSED [ 67%]
Fast Contract	Run focused CENSOR truth contracts	2026-09-30T23:27:49.0697877Z tests/test_device_init_failure.py::test_typed_gpu_exceptions_importable PASSED [ 67%]
Fast Contract	Run focused CENSOR truth contracts	2026-09-30T23:27:49.4555965Z tests/test_allocation_gate.py::test_zero_raw_allocation_sites_outside_tracker PASSED [ 67%]
Fast Contract	Run focused CENSOR truth contracts	2026-09-30T23:27:50.0697362Z tests/test_allocation_gate.py::test_zero_line_split_allocation_evasions PASSED [ 67%]
Fast Contract	Run focused CENSOR truth contracts	2026-09-30T23:27:50.4478651Z tests/test_allocation_gate.py::test_allowlist_entries_not_expired_and_not_stale PASSED [ 67%]
Fast Contract	Run focused CENSOR truth contracts	2026-09-30T23:27:50.4485085Z tests/test_allocation_gate.py::test_gate_regex_excludes_tracked_wrapper PASSED [ 67%]
Fast Contract	Run focused CENSOR truth contracts	2026-09-30T23:27:50.4501406Z tests/test_allocation_gate.py::test_wasm_cfg_raw_allocation_is_not_hidden_from_scanner PASSED [ 68%]
Fast Contract	Run focused CENSOR truth contracts	2026-09-30T23:27:50.4508430Z tests/test_allocation_gate.py::test_toml_fallback_parser_handles_empty_entries PASSED [ 68%]
Fast Contract	Run focused CENSOR truth contracts	2026-09-30T23:27:50.4515509Z tests/test_allocation_gate.py::test_toml_fallback_parser_handles_array_of_tables PASSED [ 68%]
Fast Contract	Run focused CENSOR truth contracts	2026-09-30T23:27:50.4522884Z tests/test_allocation_gate.py::test_toml_fallback_parser_handles_named_tables_and_scalar_arrays PASSED [ 68%]
Fast Contract	Run focused CENSOR truth contracts	2026-09-30T23:27:50.4530259Z tests/test_allocation_gate.py::test_toml_fallback_parser_handles_nested_aot_tables_and_multiline_arrays PASSED [ 68%]
Fast Contract	Run focused CENSOR truth contracts	2026-09-30T23:27:50.4537563Z tests/test_allocation_gate.py::test_toml_fallback_parser_preserves_hashes_inside_strings PASSED [ 68%]
Fast Contract	Run focused CENSOR truth contracts	2026-09-30T23:27:50.4545526Z tests/test_dead_render_structure_gate.py::test_orphan_render_abstractions_are_deleted PASSED [ 69%]
Fast Contract	Run focused CENSOR truth contracts	2026-09-30T23:27:50.7453511Z tests/test_dead_render_structure_gate.py::test_forbidden_dead_structure_symbols_do_not_return PASSED [ 69%]
Fast Contract	Run focused CENSOR truth contracts	2026-09-30T23:27:50.7466623Z tests/test_dead_render_structure_gate.py::test_frame_loop_does_not_create_bind_groups PASSED [ 69%]
Fast Contract	Run focused CENSOR truth contracts	2026-09-30T23:27:50.7475523Z tests/test_dead_render_structure_gate.py::test_viewer_bind_group_cache_is_invalidated_with_resources PASSED [ 69%]
Fast Contract	Run focused CENSOR truth contracts	2026-09-30T23:27:50.8562920Z tests/test_pipeline_validation_gate.py::test_every_pipeline_creation_uses_validation_scope PASSED [ 69%]
Fast Contract	Run focused CENSOR truth contracts	2026-09-30T23:27:50.8572765Z tests/test_degradation_behavior.py::test_all_lighting_no_effect_paths_record_degradation PASSED [ 69%]
Fast Contract	Run focused CENSOR truth contracts	2026-09-30T23:27:50.8632206Z tests/test_degradation_behavior.py::test_sdf_cpu_render_records_render_local_fallback PASSED [ 70%]
Fast Contract	Run focused CENSOR truth contracts	2026-09-30T23:27:50.8647801Z tests/test_degradation_behavior.py::test_building_placeholder_records_empty_geometry PASSED [ 70%]
Fast Contract	Run focused CENSOR truth contracts	2026-09-30T23:27:50.8710908Z tests/test_certificate_verifier.py::test_sign_then_verify_roundtrip PASSED [ 70%]
Fast Contract	Run focused CENSOR truth contracts	2026-09-30T23:27:50.8766469Z tests/test_certificate_verifier.py::test_verify_accepts_in_memory_certificate_mapping PASSED [ 70%]
Fast Contract	Run focused CENSOR truth contracts	2026-09-30T23:27:50.9836587Z tests/test_certificate_verifier.py::test_committed_certificates_use_pinned_production_key_not_dev_key PASSED [ 70%]
Fast Contract	Run focused CENSOR truth contracts	2026-09-30T23:27:50.9900586Z tests/test_certificate_verifier.py::test_gpu_ms_is_not_signed PASSED     [ 70%]
Fast Contract	Run focused CENSOR truth contracts	2026-09-30T23:27:50.9962772Z tests/test_certificate_verifier.py::test_any_signed_byte_tamper_fails PASSED [ 70%]
Fast Contract	Run focused CENSOR truth contracts	2026-09-30T23:27:51.0019918Z tests/test_certificate_verifier.py::test_model_assumption_tamper_fails_verification PASSED [ 71%]
Fast Contract	Run focused CENSOR truth contracts	2026-09-30T23:27:51.0029126Z tests/test_certificate_verifier.py::test_payload_bytes_are_deterministic PASSED [ 71%]
Fast Contract	Run focused CENSOR truth contracts	2026-09-30T23:27:51.0037103Z tests/test_certificate_verifier.py::test_payload_normalizes_negative_zero PASSED [ 71%]
Fast Contract	Run focused CENSOR truth contracts	2026-09-30T23:27:51.0044686Z tests/test_certificate_verifier.py::test_payload_rejects_non_finite_float PASSED [ 71%]
Fast Contract	Run focused CENSOR truth contracts	2026-09-30T23:27:51.0064191Z tests/test_certificate_verifier.py::test_signing_is_deterministic PASSED [ 71%]
Fast Contract	Run focused CENSOR truth contracts	2026-09-30T23:27:51.0128613Z tests/test_certificate_verifier.py::test_signing_uses_native_ed25519_dalek PASSED [ 71%]
Fast Contract	Run focused CENSOR truth contracts	2026-09-30T23:27:51.2672823Z tests/test_certificate_verifier.py::test_cli_verify PASSED               [ 72%]
Fast Contract	Run focused CENSOR truth contracts	2026-09-30T23:27:51.3224003Z tests/test_certificate_verifier.py::test_cli_verify_without_native_module PASSED [ 72%]
Fast Contract	Run focused CENSOR truth contracts	2026-09-30T23:27:51.3237537Z tests/test_render_certificate.py::test_certificate_has_live_passes_and_empty_degradations SKIPPED [ 72%]
Fast Contract	Run focused CENSOR truth contracts	2026-09-30T23:27:51.3249839Z tests/test_render_certificate.py::test_pre_render_python_degradation_does_not_leak SKIPPED [ 72%]
Fast Contract	Run focused CENSOR truth contracts	2026-09-30T23:27:51.3261816Z tests/test_render_certificate.py::test_signed_payload_deterministic_across_two_renders SKIPPED [ 72%]
Fast Contract	Run focused CENSOR truth contracts	2026-09-30T23:27:51.3273668Z tests/test_render_certificate.py::test_certificate_excludes_shaders_owned_by_another_renderer SKIPPED [ 72%]
Fast Contract	Run focused CENSOR truth contracts	2026-09-30T23:27:51.3285738Z tests/test_render_certificate.py::test_scene_certificate_reports_only_scene_owned_shaders SKIPPED [ 73%]
Fast Contract	Run focused CENSOR truth contracts	2026-09-30T23:27:51.3294584Z tests/test_render_certificate.py::test_scene_allocations_ignore_unrelated_live_scene SKIPPED [ 73%]
Fast Contract	Run focused CENSOR truth contracts	2026-09-30T23:27:51.3302266Z tests/test_render_certificate.py::test_scene_allocations_include_lazily_enabled_feature SKIPPED [ 73%]
Fast Contract	Run focused CENSOR truth contracts	2026-09-30T23:27:51.3309760Z tests/test_render_certificate.py::test_scene_shader_hashes_follow_lazy_feature_use SKIPPED [ 73%]
Fast Contract	Run focused CENSOR truth contracts	2026-09-30T23:27:51.3316797Z tests/test_render_certificate.py::test_python_synthetic_render_replaces_stale_gpu_certificate SKIPPED [ 73%]
Fast Contract	Run focused CENSOR truth contracts	2026-09-30T23:27:51.3409075Z tests/test_render_certificate.py::test_progressive_python_render_accepts_certificate_contract PASSED [ 73%]
Fast Contract	Run focused CENSOR truth contracts	2026-09-30T23:27:51.3421892Z tests/test_render_certificate.py::test_certificate_kwarg_writes_signed_file SKIPPED [ 74%]
Fast Contract	Run focused CENSOR truth contracts	2026-09-30T23:27:51.3434712Z tests/test_render_certificate.py::test_certificate_kwarg_false_leaves_metadata_clean SKIPPED [ 74%]
Fast Contract	Run focused CENSOR truth contracts	2026-09-30T23:27:51.3444696Z tests/test_render_certificate_contract.py::test_brdf_certificate_contract_is_in_public_stub PASSED [ 74%]
Fast Contract	Run focused CENSOR truth contracts	2026-09-30T23:27:51.3529048Z tests/test_render_certificate_contract.py::test_public_render_entrypoints_expose_certificate_keyword PASSED [ 74%]
Fast Contract	Run focused CENSOR truth contracts	2026-09-30T23:27:51.3588716Z tests/test_render_certificate_contract.py::test_public_render_entrypoints_expose_anamnesis_cache_keyword PASSED [ 74%]
Fast Contract	Run focused CENSOR truth contracts	2026-09-30T23:27:51.3597690Z tests/test_render_certificate_contract.py::test_cache_exclusions_are_still_certificate_bearing PASSED [ 74%]
Fast Contract	Run focused CENSOR truth contracts	2026-09-30T23:27:51.3625727Z tests/test_render_certificate_contract.py::test_brdf_tile_emits_a_live_certified_pass SKIPPED [ 75%]
Fast Contract	Run focused CENSOR truth contracts	2026-09-30T23:27:51.3655139Z tests/test_render_certificate_contract.py::test_render_surface_sweep_has_no_uncertified_entrypoints PASSED [ 75%]
Fast Contract	Run focused CENSOR truth contracts	2026-09-30T23:27:51.3703079Z tests/test_render_certificate_contract.py::test_render_surface_sweep_has_no_uncached_entrypoints PASSED [ 75%]
Fast Contract	Run focused CENSOR truth contracts	2026-09-30T23:27:51.3711613Z tests/test_render_certificate_contract.py::test_documented_exclusions_explain_their_certificate_scope PASSED [ 75%]
Fast Contract	Run focused CENSOR truth contracts	2026-09-30T23:27:51.3737941Z tests/test_render_certificate_contract.py::test_vector_render_certificate_is_fresh_and_exact SKIPPED [ 75%]
Fast Contract	Run focused CENSOR truth contracts	2026-09-30T23:27:51.3763334Z tests/test_render_certificate_contract.py::test_cloud_render_keeps_following_vector_allocation_usable SKIPPED [ 75%]
Fast Contract	Run focused CENSOR truth contracts	2026-09-30T23:27:51.3789169Z tests/test_render_certificate_contract.py::test_native_sdf_render_uses_the_supplied_scene_and_emits_certificate PASSED [ 76%]
Fast Contract	Run focused CENSOR truth contracts	2026-09-30T23:27:51.3814579Z tests/test_render_certificate_contract.py::test_polygon_fill_certificate_names_only_the_polygon_shader SKIPPED [ 76%]
Fast Contract	Run focused CENSOR truth contracts	2026-09-30T23:27:51.3834792Z tests/test_render_certificate_contract.py::test_native_smoke_certificate_uses_cpu_identity PASSED [ 76%]
Fast Contract	Run focused CENSOR truth contracts	2026-09-30T23:27:51.3851857Z tests/test_render_certificate_contract.py::test_fallback_renderer_discloses_cpu_degradation PASSED [ 76%]
Fast Contract	Run focused CENSOR truth contracts	2026-09-30T23:27:51.3877715Z tests/test_render_certificate_contract.py::test_instanced_mesh_certificate_names_only_the_instancing_shader SKIPPED [ 76%]
Fast Contract	Run focused CENSOR truth contracts	2026-09-30T23:27:51.3892522Z tests/test_render_certificate_contract.py::test_terrain_sequence_never_substitutes_triangle_placeholder PASSED [ 76%]
Fast Contract	Run focused CENSOR truth contracts	2026-09-30T23:27:51.3900065Z tests/test_astro_ephemeris.py::test_hashed_text_oracles_are_checked_out_with_canonical_lf_bytes PASSED [ 76%]
Fast Contract	Run focused CENSOR truth contracts	2026-09-30T23:27:51.5890613Z tests/test_astro_ephemeris.py::test_public_ephemeris_meets_committed_horizons_gates 
Fast Contract	Run focused CENSOR truth contracts	2026-09-30T23:27:51.5891300Z SIDERA vs JPL Horizons - 280 vectors over 40 epoch/site combinations (2000-2050)
Fast Contract	Run focused CENSOR truth contracts	2026-09-30T23:27:51.5891801Z body        max dev (arcsec)    gate    margin  worst vector
Fast Contract	Run focused CENSOR truth contracts	2026-09-30T23:27:51.5892217Z sun                    2.029    10.0     7.971  longyearbyen 2026-07-26T22:00:00Z
Fast Contract	Run focused CENSOR truth contracts	2026-09-30T23:27:51.5892692Z moon                  14.081    30.0    15.919  tromso 2008-11-14T00:00:00Z [30-day window sweep]
Fast Contract	Run focused CENSOR truth contracts	2026-09-30T23:27:51.5893164Z mercury                2.033    60.0    57.967  longyearbyen 2026-07-26T22:00:00Z
Fast Contract	Run focused CENSOR truth contracts	2026-09-30T23:27:51.5893574Z venus                  2.088    60.0    57.912  longyearbyen 2026-07-26T22:00:00Z
Fast Contract	Run focused CENSOR truth contracts	2026-09-30T23:27:51.5894214Z mars                   1.977    60.0    58.023  longyearbyen 2026-07-26T22:00:00Z
Fast Contract	Run focused CENSOR truth contracts	2026-09-30T23:27:51.5894701Z jupiter                2.001    60.0    57.999  longyearbyen 2026-07-26T22:00:00Z
Fast Contract	Run focused CENSOR truth contracts	2026-09-30T23:27:51.5895118Z saturn                 2.127    60.0    57.873  longyearbyen 2026-07-26T22:00:00Z
Fast Contract	Run focused CENSOR truth contracts	2026-09-30T23:27:51.5895676Z sun (NOAA)            44.484       -         -  mauna_kea 2035-09-23T03:00:00Z   [pre-SIDERA baseline, src/lighting/ephemeris.rs]
Fast Contract	Run focused CENSOR truth contracts	2026-09-30T23:27:51.5896353Z moon illuminated fraction max |err| 0.000064 (gate 0.005); semidiameter max |err| 0.1066" (gate 1.0")
Fast Contract	Run focused CENSOR truth contracts	2026-09-30T23:27:51.5896811Z PASSED [ 77%]
Fast Contract	Run focused CENSOR truth contracts	2026-09-30T23:27:51.5972480Z tests/test_astro_ephemeris.py::test_delta_t_matches_the_horizons_time_scale_columns 
Fast Contract	Run focused CENSOR truth contracts	2026-09-30T23:27:51.5973603Z delta-T (TT-UT1) vs Horizons over 612 epochs: max |residual| 0.006569 s (declared gate 0.0066 s) at 2005-03-15T00:00:00Z
Fast Contract	Run focused CENSOR truth contracts	2026-09-30T23:27:51.5975706Z PASSED [ 77%]
Fast Contract	Run focused CENSOR truth contracts	2026-09-30T23:27:51.6259923Z tests/test_astro_ephemeris.py::test_observation_sets_every_rendered_body_and_star_catalog PASSED [ 77%]
Fast Contract	Run focused CENSOR truth contracts	2026-09-30T23:27:51.6511564Z tests/test_astro_ephemeris.py::test_observation_routes_to_active_subprocess_viewer PASSED [ 77%]
Fast Contract	Run focused CENSOR truth contracts	2026-09-30T23:27:51.6763897Z tests/test_astro_ephemeris.py::test_observation_replays_when_viewer_opens_later PASSED [ 77%]
Fast Contract	Run focused CENSOR truth contracts	2026-09-30T23:27:51.7016097Z tests/test_astro_ephemeris.py::test_observation_replay_survives_viewer_restart PASSED [ 77%]
Fast Contract	Run focused CENSOR truth contracts	2026-09-30T23:27:51.7023479Z tests/test_astro_ephemeris.py::test_temporary_viewer_restores_previous_observation_target PASSED [ 78%]
Fast Contract	Run focused CENSOR truth contracts	2026-09-30T23:27:51.7030968Z tests/test_astro_ephemeris.py::test_promoted_viewer_replay_failure_is_cleanup_safe_and_retryable PASSED [ 78%]
Fast Contract	Run focused CENSOR truth contracts	2026-09-30T23:27:51.7037669Z tests/test_astro_ephemeris.py::test_viewer_close_keeps_replay_cleanup_best_effort PASSED [ 78%]
Fast Contract	Run focused CENSOR truth contracts	2026-09-30T23:27:51.7044540Z tests/test_astro_ephemeris.py::test_blocking_viewer_keeps_direct_launch_without_observation PASSED [ 78%]
Fast Contract	Run focused CENSOR truth contracts	2026-09-30T23:27:51.7298147Z tests/test_astro_ephemeris.py::test_observation_aware_blocking_snapshot_closes_after_capture PASSED [ 78%]
Fast Contract	Run focused CENSOR truth contracts	2026-09-30T23:27:51.7550584Z tests/test_astro_ephemeris.py::test_manual_sun_success_clears_stale_observation_replay[command0] PASSED [ 78%]
Fast Contract	Run focused CENSOR truth contracts	2026-09-30T23:27:51.7802037Z tests/test_astro_ephemeris.py::test_manual_sun_success_clears_stale_observation_replay[command1] PASSED [ 79%]
Fast Contract	Run focused CENSOR truth contracts	2026-09-30T23:27:51.8053466Z tests/test_astro_ephemeris.py::test_manual_sun_success_clears_stale_observation_replay[command2] PASSED [ 79%]
Fast Contract	Run focused CENSOR truth contracts	2026-09-30T23:27:51.8305999Z tests/test_astro_ephemeris.py::test_manual_sun_success_clears_stale_observation_replay[command3] PASSED [ 79%]
Fast Contract	Run focused CENSOR truth contracts	2026-09-30T23:27:51.8557896Z tests/test_astro_ephemeris.py::test_manual_sun_success_clears_stale_observation_replay[command4] PASSED [ 79%]
Fast Contract	Run focused CENSOR truth contracts	2026-09-30T23:27:51.8810828Z tests/test_astro_ephemeris.py::test_non_sun_terrain_success_preserves_observation_replay PASSED [ 79%]
Fast Contract	Run focused CENSOR truth contracts	2026-09-30T23:27:51.9063329Z tests/test_astro_ephemeris.py::test_inactive_viewer_manual_sun_preserves_active_viewer_replay PASSED [ 79%]
Fast Contract	Run focused CENSOR truth contracts	2026-09-30T23:27:51.9317422Z tests/test_astro_ephemeris.py::test_rejected_manual_terrain_sun_preserves_observation_replay PASSED [ 80%]
Fast Contract	Run focused CENSOR truth contracts	2026-09-30T23:27:51.9324474Z tests/test_astro_ephemeris.py::test_observation_can_preseed_viewer_without_native PASSED [ 80%]
Fast Contract	Run focused CENSOR truth contracts	2026-09-30T23:27:51.9331540Z tests/test_astro_ephemeris.py::test_invalid_or_out_of_window_inputs_raise PASSED [ 80%]
Fast Contract	Run focused CENSOR truth contracts	2026-09-30T23:27:51.9723575Z tests/test_astro_ephemeris.py::test_sidereal_time_matches_the_independent_usno_formula 
Fast Contract	Run focused CENSOR truth contracts	2026-09-30T23:27:51.9724938Z GMST: native sweep 0.008494 s over 1694 samples; public-API cross-check 0.008443 s over 104 epochs (gate 0.1 s, worst 2050-10-02T13:00:00+00:00)
Fast Contract	Run focused CENSOR truth contracts	2026-09-30T23:27:51.9726737Z PASSED [ 80%]
Fast Contract	Run focused CENSOR truth contracts	2026-09-30T23:27:52.0094110Z tests/test_astro_ephemeris.py::test_refraction_matches_bennett_at_five_degrees_apparent 
Fast Contract	Run focused CENSOR truth contracts	2026-09-30T23:27:52.0095247Z refraction at 5 deg apparent: SIDERA (Saemundsson, inverted) 9.9205' vs Bennett 9.8831' -> |delta| 0.0373' (gate 0.2')
Fast Contract	Run focused CENSOR truth contracts	2026-09-30T23:27:52.0096864Z PASSED [ 80%]
Fast Contract	Run focused CENSOR truth contracts	2026-09-30T23:27:52.0105884Z tests/test_astro_ephemeris.py::test_refraction_rejects_non_finite_altitude[nan] PASSED [ 80%]
Fast Contract	Run focused CENSOR truth contracts	2026-09-30T23:27:52.0113327Z tests/test_astro_ephemeris.py::test_refraction_rejects_non_finite_altitude[inf] PASSED [ 81%]
Fast Contract	Run focused CENSOR truth contracts	2026-09-30T23:27:52.0120587Z tests/test_astro_ephemeris.py::test_refraction_rejects_non_finite_altitude[-inf] PASSED [ 81%]
Fast Contract	Run focused CENSOR truth contracts	2026-09-30T23:27:52.0486698Z tests/test_astro_ephemeris.py::test_reduction_ablation_gates 
Fast Contract	Run focused CENSOR truth contracts	2026-09-30T23:27:52.0488017Z ablation, precession removed from the 2026-epoch star pipeline (9096 stars): max 22.270', median 18.651', min 0.304' (gate > 20')
Fast Contract	Run focused CENSOR truth contracts	2026-09-30T23:27:52.0488976Z ablation, lunar parallax removed: 53.362' (gate > 30')
Fast Contract	Run focused CENSOR truth contracts	2026-09-30T23:27:52.0489625Z PASSED      [ 81%]
Fast Contract	Run focused CENSOR truth contracts	2026-09-30T23:27:52.0499705Z tests/test_astro_ephemeris.py::test_set_sun_handler_is_live_not_print_only PASSED [ 81%]
Fast Contract	Run focused CENSOR truth contracts	2026-09-30T23:27:52.0532118Z tests/test_astro_ephemeris.py::test_sidera_reference_probe_requires_physical_nvidia_vulkan PASSED [ 81%]
Fast Contract	Run focused CENSOR truth contracts	2026-09-30T23:27:52.0540628Z tests/test_astro_ephemeris.py::test_snapshot_sky_uses_dedicated_camera_and_motion_coverage_union PASSED [ 81%]
Fast Contract	Run focused CENSOR truth contracts	2026-09-30T23:27:52.0567444Z tests/test_astro_ephemeris.py::test_sidera_assets_stay_under_two_mebibytes_and_match_their_manifest PASSED [ 82%]
Fast Contract	Run focused CENSOR truth contracts	2026-09-30T23:27:52.0583885Z tests/test_astro_ephemeris.py::test_horizons_oracle_manifest_locks_payload_and_generation_settings PASSED [ 82%]
Fast Contract	Run focused CENSOR truth contracts	2026-09-30T23:27:52.2488083Z tests/test_astro_ephemeris.py::test_manifest_truncation_budgets_are_gates_not_prose 
Fast Contract	Run focused CENSOR truth contracts	2026-09-30T23:27:52.2489440Z manifest declared budgets vs measured maxima:
Fast Contract	Run focused CENSOR truth contracts	2026-09-30T23:27:52.2490064Z   vsop87d.bin      max_horizons_position_error_arcsec =   3.00"  measured  2.127"
Fast Contract	Run focused CENSOR truth contracts	2026-09-30T23:27:52.2490935Z   moon_terms.bin   max_horizons_topocentric_position_error_arcsec =  14.10"  measured 14.081"
Fast Contract	Run focused CENSOR truth contracts	2026-09-30T23:27:52.2491676Z PASSED [ 82%]
Fast Contract	Run focused CENSOR truth contracts	2026-09-30T23:27:52.2855977Z tests/test_determinism_matrix.py::test_matrix_rejects_zero_hardware_hashes PASSED [ 82%]
Fast Contract	Run focused CENSOR truth contracts	2026-09-30T23:27:52.3210469Z tests/test_determinism_matrix.py::test_missing_primary_golden_is_a_configuration_error PASSED [ 82%]
Fast Contract	Run focused CENSOR truth contracts	2026-09-30T23:27:52.3218976Z tests/test_determinism_matrix.py::test_hosted_apple_virtual_adapter_is_a_nonblocking_gated_failure PASSED [ 82%]
Fast Contract	Run focused CENSOR truth contracts	2026-09-30T23:27:52.3575257Z tests/test_determinism_matrix.py::test_matrix_accepts_documented_gated_infrastructure_failure PASSED [ 82%]
Fast Contract	Run focused CENSOR truth contracts	2026-09-30T23:27:52.3932248Z tests/test_determinism_matrix.py::test_matrix_rejects_unattributed_hash PASSED [ 83%]
Fast Contract	Run focused CENSOR truth contracts	2026-09-30T23:27:52.4302420Z tests/test_determinism_matrix.py::test_matrix_rejects_virtualized_adapter_metadata PASSED [ 83%]
Fast Contract	Run focused CENSOR truth contracts	2026-09-30T23:27:52.4668554Z tests/test_determinism_matrix.py::test_matrix_rejects_software_adapter_metadata PASSED [ 83%]
Fast Contract	Run focused CENSOR truth contracts	2026-09-30T23:27:52.5036630Z tests/test_determinism_matrix.py::test_matrix_rejects_incomplete_or_nonphysical_adapter_metadata[name-] PASSED [ 83%]
Fast Contract	Run focused CENSOR truth contracts	2026-09-30T23:27:52.5404413Z tests/test_determinism_matrix.py::test_matrix_rejects_incomplete_or_nonphysical_adapter_metadata[name-7] PASSED [ 83%]
Fast Contract	Run focused CENSOR truth contracts	2026-09-30T23:27:52.5762518Z tests/test_determinism_matrix.py::test_matrix_rejects_incomplete_or_nonphysical_adapter_metadata[backend-] PASSED [ 83%]
Fast Contract	Run focused CENSOR truth contracts	2026-09-30T23:27:52.6119793Z tests/test_determinism_matrix.py::test_matrix_rejects_incomplete_or_nonphysical_adapter_metadata[device_type-] PASSED [ 84%]
Fast Contract	Run focused CENSOR truth contracts	2026-09-30T23:27:52.6477595Z tests/test_determinism_matrix.py::test_matrix_rejects_incomplete_or_nonphysical_adapter_metadata[device_type-Cpu] PASSED [ 84%]
Fast Contract	Run focused CENSOR truth contracts	2026-09-30T23:27:52.6838751Z tests/test_determinism_matrix.py::test_matrix_rejects_incomplete_or_nonphysical_adapter_metadata[device_type-VirtualGpu] PASSED [ 84%]
Fast Contract	Run focused CENSOR truth contracts	2026-09-30T23:27:52.7201524Z tests/test_determinism_matrix.py::test_matrix_rejects_incomplete_or_nonphysical_adapter_metadata[device_type-Other] PASSED [ 84%]
Fast Contract	Run focused CENSOR truth contracts	2026-09-30T23:27:52.7561236Z tests/test_determinism_matrix.py::test_matrix_rejects_incomplete_or_nonphysical_adapter_metadata[software_fallback-0] PASSED [ 84%]
Fast Contract	Run focused CENSOR truth contracts	2026-09-30T23:27:52.7923298Z tests/test_determinism_matrix.py::test_matrix_rejects_incomplete_or_nonphysical_adapter_metadata[software_fallback-false] PASSED [ 84%]
Fast Contract	Run focused CENSOR truth contracts	2026-09-30T23:27:52.8286927Z tests/test_determinism_matrix.py::test_matrix_accepts_matching_hardware_hash_with_documented_gated_failure PASSED [ 85%]
Fast Contract	Run focused CENSOR truth contracts	2026-09-30T23:27:52.8646701Z tests/test_determinism_matrix.py::test_matrix_rejects_conflicting_native_result_artifacts PASSED [ 85%]
Fast Contract	Run focused CENSOR truth contracts	2026-09-30T23:27:52.9013164Z tests/test_determinism_matrix.py::test_matrix_rejects_golden_or_pairwise_mismatch[eeeeeeeeeeeeeeeeeeeeeeeeeeeeeeeeeeeeeeeeeeeeeeeeeeeeeeeeeeeeeeee] PASSED [ 85%]
Fast Contract	Run focused CENSOR truth contracts	2026-09-30T23:27:52.9380111Z tests/test_determinism_matrix.py::test_matrix_rejects_golden_or_pairwise_mismatch[ffffffffffffffffffffffffffffffffffffffffffffffffffffffffffffffff] PASSED [ 85%]
Fast Contract	Run focused CENSOR truth contracts	2026-09-30T23:27:52.9743962Z tests/test_determinism_matrix.py::test_required_leg_absent_fails PASSED  [ 85%]
Fast Contract	Run focused CENSOR truth contracts	2026-09-30T23:27:53.0105491Z tests/test_determinism_matrix.py::test_required_leg_failed_fails PASSED  [ 85%]
Fast Contract	Run focused CENSOR truth contracts	2026-09-30T23:27:53.0463573Z tests/test_determinism_matrix.py::test_required_leg_missing_artifact_fails PASSED [ 86%]
Fast Contract	Run focused CENSOR truth contracts	2026-09-30T23:27:53.0823460Z tests/test_determinism_matrix.py::test_required_leg_paravirtual_failure_is_documented_absence PASSED [ 86%]
Fast Contract	Run focused CENSOR truth contracts	2026-09-30T23:27:53.1178112Z tests/test_determinism_matrix.py::test_required_non_apple_leg_cannot_claim_paravirtual_exception PASSED [ 86%]
Fast Contract	Run focused CENSOR truth contracts	2026-09-30T23:27:53.1540186Z tests/test_determinism_matrix.py::test_required_leg_produced_passes PASSED [ 86%]
Fast Contract	Run focused CENSOR truth contracts	2026-09-30T23:27:53.1901512Z tests/test_determinism_matrix.py::test_required_browser_leg_missing_fails PASSED [ 86%]
Fast Contract	Run focused CENSOR truth contracts	2026-09-30T23:27:53.2271076Z tests/test_determinism_matrix.py::test_browser_leg_canaries_checked_against_goldens PASSED [ 86%]
Fast Contract	Run focused CENSOR truth contracts	2026-09-30T23:27:53.2637704Z tests/test_determinism_matrix.py::test_browser_leg_probe_mismatch_fails PASSED [ 87%]
Fast Contract	Run focused CENSOR truth contracts	2026-09-30T23:27:53.2999624Z tests/test_determinism_matrix.py::test_browser_leg_raster_mismatch_fails PASSED [ 87%]
Fast Contract	Run focused CENSOR truth contracts	2026-09-30T23:27:53.3373222Z tests/test_determinism_matrix.py::test_browser_leg_rejects_failed_metadata_with_stale_hashes PASSED [ 87%]
Fast Contract	Run focused CENSOR truth contracts	2026-09-30T23:27:53.3741940Z tests/test_determinism_matrix.py::test_browser_leg_requires_float32_raster_evidence PASSED [ 87%]
Fast Contract	Run focused CENSOR truth contracts	2026-09-30T23:27:53.4106510Z tests/test_determinism_matrix.py::test_browser_leg_binds_hash_sidecars_to_metadata PASSED [ 87%]
Fast Contract	Run focused CENSOR truth contracts	2026-09-30T23:27:53.4463467Z tests/test_determinism_matrix.py::test_produced_leg_missing_probe_fails_when_golden_given PASSED [ 87%]
Fast Contract	Run focused CENSOR truth contracts	2026-09-30T23:27:53.4819026Z tests/test_determinism_matrix.py::test_native_probe_software_fallback_contradicts_hardware_render PASSED [ 88%]
Fast Contract	Run focused CENSOR truth contracts	2026-09-30T23:27:53.4899794Z tests/test_determinism_matrix.py::test_nvidia_acceptance_binds_two_matching_frames_to_probe PASSED [ 88%]
Fast Contract	Run focused CENSOR truth contracts	2026-09-30T23:27:53.4923268Z tests/test_determinism_matrix.py::test_nvidia_acceptance_rejects_probe_render_identity_drift PASSED [ 88%]
Fast Contract	Run focused CENSOR truth contracts	2026-09-30T23:27:53.4946550Z tests/test_determinism_matrix.py::test_nvidia_acceptance_rejects_repeat_hash_drift PASSED [ 88%]
Fast Contract	Run focused CENSOR truth contracts	2026-09-30T23:27:53.4968928Z tests/test_determinism_matrix.py::test_nvidia_acceptance_requires_strict_physical_vulkan_identity[backend-Dx12] PASSED [ 88%]
Fast Contract	Run focused CENSOR truth contracts	2026-09-30T23:27:53.4991205Z tests/test_determinism_matrix.py::test_nvidia_acceptance_requires_strict_physical_vulkan_identity[device_type-IntegratedGpu] PASSED [ 88%]
Fast Contract	Run focused CENSOR truth contracts	2026-09-30T23:27:53.5013550Z tests/test_determinism_matrix.py::test_nvidia_acceptance_requires_strict_physical_vulkan_identity[vendor-4098] PASSED [ 88%]
Fast Contract	Run focused CENSOR truth contracts	2026-09-30T23:27:53.5036085Z tests/test_determinism_matrix.py::test_nvidia_acceptance_requires_strict_physical_vulkan_identity[name-AMD Radeon RX 7900 XT] PASSED [ 89%]
Fast Contract	Run focused CENSOR truth contracts	2026-09-30T23:27:53.5059856Z tests/test_determinism_matrix.py::test_nvidia_acceptance_requires_strict_physical_vulkan_identity[device-not-a-device] PASSED [ 89%]
Fast Contract	Run focused CENSOR truth contracts	2026-09-30T23:27:53.5081787Z tests/test_determinism_matrix.py::test_nvidia_acceptance_requires_strict_physical_vulkan_identity[device--1] PASSED [ 89%]
Fast Contract	Run focused CENSOR truth contracts	2026-09-30T23:27:53.5103567Z tests/test_determinism_matrix.py::test_nvidia_acceptance_requires_strict_physical_vulkan_identity[software_fallback-True] PASSED [ 89%]
Fast Contract	Run focused CENSOR truth contracts	2026-09-30T23:27:53.5120295Z tests/test_determinism_matrix.py::test_determinism_record_persists_strict_adapter_identity PASSED [ 89%]
Fast Contract	Run focused CENSOR truth contracts	2026-09-30T23:27:53.5128751Z tests/test_determinism_matrix.py::test_render_acceptance_required_legs PASSED [ 89%]
Fast Contract	Run focused CENSOR truth contracts	2026-09-30T23:27:53.5136559Z tests/test_determinism_matrix.py::test_matrix_reuses_caller_wheels_instead_of_rebuilding_extensions PASSED [ 90%]
Fast Contract	Run focused CENSOR truth contracts	2026-09-30T23:27:53.5143866Z tests/test_determinism_matrix.py::test_shadow_shader_classifier_is_retained_without_pr_path_gating PASSED [ 90%]
Fast Contract	Run focused CENSOR truth contracts	2026-09-30T23:27:53.5150239Z tests/test_determinism_matrix.py::test_f3dz_stream_hashes_run_on_two_hosted_platforms PASSED [ 90%]
Fast Contract	Run focused CENSOR truth contracts	2026-09-30T23:27:53.5159411Z tests/test_determinism_matrix.py::test_browser_job_executes_real_webgpu_leg PASSED [ 90%]
Fast Contract	Run focused CENSOR truth contracts	2026-09-30T23:27:53.5571985Z tests/test_determinism_matrix.py::test_dupla_aggregation_accepts_verified_and_explicit_absence PASSED [ 90%]
Fast Contract	Run focused CENSOR truth contracts	2026-09-30T23:27:53.6381362Z tests/test_determinism_matrix.py::test_dupla_aggregation_rejects_failed_or_missing_proof PASSED [ 90%]
Fast Contract	Run focused CENSOR truth contracts	2026-09-30T23:27:53.6793874Z tests/test_determinism_matrix.py::test_dupla_aggregation_rejects_invalid_evidence PASSED [ 91%]
Fast Contract	Run focused CENSOR truth contracts	2026-09-30T23:27:53.6816615Z tests/test_no_silent_degradation.py::test_a_committed_certificates_have_no_unallowlisted_degradations PASSED [ 91%]
Fast Contract	Run focused CENSOR truth contracts	2026-09-30T23:27:54.0617000Z tests/test_no_silent_degradation.py::test_b_zero_raw_allocation_sites PASSED [ 91%]
Fast Contract	Run focused CENSOR truth contracts	2026-09-30T23:27:54.3096119Z tests/test_no_silent_degradation.py::test_c_every_feature_referenced_and_ci_list_curated PASSED [ 91%]
Fast Contract	Run focused CENSOR truth contracts	2026-09-30T23:27:54.3102117Z tests/test_no_silent_degradation.py::test_clippy_alias_feature_parser_accepts_string_and_array_forms PASSED [ 91%]
Fast Contract	Run focused CENSOR truth contracts	2026-09-30T23:27:54.3110685Z tests/test_no_silent_degradation.py::test_d_aether_bake_api_is_feature_gated_and_runtime_surface_is_shipped PASSED [ 91%]
Fast Contract	Run focused CENSOR truth contracts	2026-09-30T23:27:54.3121763Z tests/test_no_silent_degradation.py::test_d_wheel_features_and_native_gis_backends_are_honest PASSED [ 92%]
Fast Contract	Run focused CENSOR truth contracts	2026-09-30T23:27:54.3185475Z tests/test_no_silent_degradation.py::test_e_sutura_integrity_gate_runs_in_full_and_hardware_lanes PASSED [ 92%]
Fast Contract	Run focused CENSOR truth contracts	2026-09-30T23:27:54.3460616Z tests/test_no_silent_degradation.py::test_e_validation_profiles_are_exhaustive_and_honest PASSED [ 92%]
Fast Contract	Run focused CENSOR truth contracts	2026-09-30T23:27:54.3582513Z tests/test_no_silent_degradation.py::test_e_slow_lane_is_marker_selected_and_accounted PASSED [ 92%]
Fast Contract	Run focused CENSOR truth contracts	2026-09-30T23:27:54.3592221Z tests/test_no_silent_degradation.py::test_e_anamnesis_physical_jobs_are_acceptance_scoped_honestly PASSED [ 92%]
Fast Contract	Run focused CENSOR truth contracts	2026-09-30T23:27:54.3602168Z tests/test_no_silent_degradation.py::test_f_backend_golden_variants_are_explicit_and_fail_closed PASSED [ 92%]
Fast Contract	Run focused CENSOR truth contracts	2026-09-30T23:27:54.3643514Z tests/test_no_silent_degradation.py::test_f_nvidia_visual_acceptance_is_physical_and_fail_closed PASSED [ 93%]
Fast Contract	Run focused CENSOR truth contracts	2026-09-30T23:27:54.3687395Z tests/test_no_silent_degradation.py::test_f_pr_core_is_lightweight_and_full_profiles_are_acceptance_only PASSED [ 93%]
Fast Contract	Run focused CENSOR truth contracts	2026-09-30T23:27:54.3730149Z tests/test_no_silent_degradation.py::test_substratia_physical_evidence_is_exact_head_and_cannot_be_bypassed PASSED [ 93%]
Fast Contract	Run focused CENSOR truth contracts	2026-09-30T23:27:54.3744243Z tests/test_no_silent_degradation.py::test_nephele_provenance_lanes_fetch_complete_reference_history PASSED [ 93%]
Fast Contract	Run focused CENSOR truth contracts	2026-09-30T23:27:54.3843068Z tests/test_no_silent_degradation.py::test_nephele_physical_exclusion_is_one_hosted_site_and_six_required_gates PASSED [ 93%]
Fast Contract	Run focused CENSOR truth contracts	2026-09-30T23:27:54.4240277Z tests/test_substratia_evidence_report.py::test_valid_physical_evidence_writes_bound_pass_and_lane_marker PASSED [ 93%]
Fast Contract	Run focused CENSOR truth contracts	2026-09-30T23:27:54.4431601Z tests/test_substratia_evidence_report.py::test_candidate_sha_must_be_explicit_exact_clean_head[HEAD] PASSED [ 94%]
Fast Contract	Run focused CENSOR truth contracts	2026-09-30T23:27:54.4619789Z tests/test_substratia_evidence_report.py::test_candidate_sha_must_be_explicit_exact_clean_head[abc123] PASSED [ 94%]
Fast Contract	Run focused CENSOR truth contracts	2026-09-30T23:27:54.4812945Z tests/test_substratia_evidence_report.py::test_candidate_sha_must_be_explicit_exact_clean_head[AAAAAAAAAAAAAAAAAAAAAAAAAAAAAAAAAAAAAAAA] PASSED [ 94%]
Fast Contract	Run focused CENSOR truth contracts	2026-09-30T23:27:54.5017999Z tests/test_substratia_evidence_report.py::test_candidate_sha_must_be_explicit_exact_clean_head[0000000000000000000000000000000000000000] PASSED [ 94%]
Fast Contract	Run focused CENSOR truth contracts	2026-09-30T23:27:54.5262881Z tests/test_substratia_evidence_report.py::test_tracked_dirty_tree_is_rejected PASSED [ 94%]
Fast Contract	Run focused CENSOR truth contracts	2026-09-30T23:27:54.5508081Z tests/test_substratia_evidence_report.py::test_software_virtual_and_paravirtual_adapters_are_rejected[virtualgpu-Virtual GPU] PASSED [ 94%]
Fast Contract	Run focused CENSOR truth contracts	2026-09-30T23:27:54.5755017Z tests/test_substratia_evidence_report.py::test_software_virtual_and_paravirtual_adapters_are_rejected[integratedgpu-llvmpipe] PASSED [ 94%]
Fast Contract	Run focused CENSOR truth contracts	2026-09-30T23:27:54.6001976Z tests/test_substratia_evidence_report.py::test_software_virtual_and_paravirtual_adapters_are_rejected[discretegpu-Paravirtual Vulkan Device] PASSED [ 95%]
Fast Contract	Run focused CENSOR truth contracts	2026-09-30T23:27:54.6247809Z tests/test_substratia_evidence_report.py::test_software_virtual_and_paravirtual_adapters_are_rejected[cpu-Apple CPU] PASSED [ 95%]
Fast Contract	Run focused CENSOR truth contracts	2026-09-30T23:27:54.6493869Z tests/test_substratia_evidence_report.py::test_wrong_backend_is_rejected PASSED [ 95%]
Fast Contract	Run focused CENSOR truth contracts	2026-09-30T23:27:54.6741752Z tests/test_substratia_evidence_report.py::test_nvidia_probe_must_explicitly_reject_software_fallback[True] PASSED [ 95%]
Fast Contract	Run focused CENSOR truth contracts	2026-09-30T23:27:54.6985480Z tests/test_substratia_evidence_report.py::test_nvidia_probe_must_explicitly_reject_software_fallback[None] PASSED [ 95%]
Fast Contract	Run focused CENSOR truth contracts	2026-09-30T23:27:54.7232068Z tests/test_substratia_evidence_report.py::test_nvidia_probe_requires_discrete_gpu PASSED [ 95%]
Fast Contract	Run focused CENSOR truth contracts	2026-09-30T23:27:54.7479263Z tests/test_substratia_evidence_report.py::test_nvidia_name_cannot_spoof_non_nvidia_vendor PASSED [ 96%]
Fast Contract	Run focused CENSOR truth contracts	2026-09-30T23:27:54.7726883Z tests/test_substratia_evidence_report.py::test_nvidia_vendor_cannot_spoof_non_nvidia_name PASSED [ 96%]
Fast Contract	Run focused CENSOR truth contracts	2026-09-30T23:27:54.7973037Z tests/test_substratia_evidence_report.py::test_render_process_adapter_must_match_workflow_probe PASSED [ 96%]
Fast Contract	Run focused CENSOR truth contracts	2026-09-30T23:27:54.8281295Z tests/test_substratia_evidence_report.py::test_corrupt_png_crc_is_rejected PASSED [ 96%]
Fast Contract	Run focused CENSOR truth contracts	2026-09-30T23:27:54.8565645Z tests/test_substratia_evidence_report.py::test_artifact_golden_must_be_candidate_tracked_bytes PASSED [ 96%]
Fast Contract	Run focused CENSOR truth contracts	2026-09-30T23:27:54.8814084Z tests/test_substratia_evidence_report.py::test_noncanonical_golden_filename_is_rejected PASSED [ 96%]
Fast Contract	Run focused CENSOR truth contracts	2026-09-30T23:27:54.9189971Z tests/test_substratia_evidence_report.py::test_declared_image_metrics_are_recomputed PASSED [ 97%]
Fast Contract	Run focused CENSOR truth contracts	2026-09-30T23:27:54.9561717Z tests/test_substratia_evidence_report.py::test_declared_rgba_hash_is_recomputed_from_decoded_pixels PASSED [ 97%]
Fast Contract	Run focused CENSOR truth contracts	2026-09-30T23:27:54.9927512Z tests/test_substratia_evidence_report.py::test_actual_image_cannot_be_replaced_while_keeping_claimed_hash PASSED [ 97%]
Fast Contract	Run focused CENSOR truth contracts	2026-09-30T23:27:55.0312990Z tests/test_substratia_evidence_report.py::test_junit_requires_each_core_test_to_pass[failure] PASSED [ 97%]
Fast Contract	Run focused CENSOR truth contracts	2026-09-30T23:27:55.0693549Z tests/test_substratia_evidence_report.py::test_junit_requires_each_core_test_to_pass[error] PASSED [ 97%]
Fast Contract	Run focused CENSOR truth contracts	2026-09-30T23:27:55.1075013Z tests/test_substratia_evidence_report.py::test_junit_requires_each_core_test_to_pass[skipped] PASSED [ 97%]
Fast Contract	Run focused CENSOR truth contracts	2026-09-30T23:27:55.1459508Z tests/test_substratia_evidence_report.py::test_junit_requires_all_four_exact_core_tests PASSED [ 98%]
Fast Contract	Run focused CENSOR truth contracts	2026-09-30T23:27:55.1843914Z tests/test_substratia_evidence_report.py::test_non_image_claims_have_hard_negative_controls[zero_family-no resident bytes] PASSED [ 98%]
Fast Contract	Run focused CENSOR truth contracts	2026-09-30T23:27:55.2222655Z tests/test_substratia_evidence_report.py::test_non_image_claims_have_hard_negative_controls[family_over_budget-exceeds its family budget] PASSED [ 98%]
Fast Contract	Run focused CENSOR truth contracts	2026-09-30T23:27:55.2601994Z tests/test_substratia_evidence_report.py::test_non_image_claims_have_hard_negative_controls[total_over_budget-512 MiB] PASSED [ 98%]
Fast Contract	Run focused CENSOR truth contracts	2026-09-30T23:27:55.2987073Z tests/test_substratia_evidence_report.py::test_non_image_claims_have_hard_negative_controls[missing_not_fatal-fatal diagnostic] PASSED [ 98%]
Fast Contract	Run focused CENSOR truth contracts	2026-09-30T23:27:55.3374574Z tests/test_substratia_evidence_report.py::test_non_image_claims_have_hard_negative_controls[partial_corrupt-fallback is corrupted] PASSED [ 98%]
Fast Contract	Run focused CENSOR truth contracts	2026-09-30T23:27:55.3618547Z tests/test_substratia_evidence_report.py::test_failed_verification_never_writes_ran_or_pass_markers PASSED [ 99%]
Fast Contract	Run focused CENSOR truth contracts	2026-09-30T23:27:55.3659784Z tests/test_orbis_task6_contracts.py::test_geographic_root_leaf_and_overview_selection PASSED [ 99%]
Fast Contract	Run focused CENSOR truth contracts	2026-09-30T23:27:55.3686010Z tests/test_orbis_task6_contracts.py::test_projected_cog_maps_global_tile_through_source_crs PASSED [ 99%]
Fast Contract	Run focused CENSOR truth contracts	2026-09-30T23:27:55.3720257Z tests/test_orbis_task6_contracts.py::test_rotated_utm_bounds_retain_densified_edge_extrema PASSED [ 99%]
Fast Contract	Run focused CENSOR truth contracts	2026-09-30T23:27:55.3753608Z tests/test_orbis_task6_contracts.py::test_throttled_remote_cog_runtime_keeps_io_driven SKIPPED [ 99%]
Fast Contract	Run focused CENSOR truth contracts	2026-09-30T23:27:55.3773266Z tests/test_orbis_task6_contracts.py::test_missing_geotiff_crs_is_an_explicit_open_error PASSED [ 99%]
Fast Contract	Run focused CENSOR truth contracts	2026-09-30T23:27:55.4220538Z tests/test_orbis_task6_contracts.py::test_cog_streaming_flat_and_globe_apis_are_explicit_and_unclamped PASSED [100%]
Fast Contract	Run focused CENSOR truth contracts	2026-09-30T23:27:55.4221359Z 
Fast Contract	Run focused CENSOR truth contracts	2026-09-30T23:27:55.4221578Z =================================== FAILURES ===================================
Fast Contract	Run focused CENSOR truth contracts	2026-09-30T23:27:55.4222261Z ________ test_fixture_manifest_hashes_every_input_and_masks_regenerate _________
Fast Contract	Run focused CENSOR truth contracts	2026-09-30T23:27:55.4223211Z tests/test_nephele_fixture_contracts.py:434: in test_fixture_manifest_hashes_every_input_and_masks_regenerate
Fast Contract	Run focused CENSOR truth contracts	2026-09-30T23:27:55.4223991Z     assert expected == _hash(ROOT / relative)
Fast Contract	Run focused CENSOR truth contracts	2026-09-30T23:27:55.4224638Z E   AssertionError: assert '47d3eceb0240...73310890b181e' == '154b5c88a739...56b98daf51698'
Fast Contract	Run focused CENSOR truth contracts	2026-09-30T23:27:55.4225871Z E     
Fast Contract	Run focused CENSOR truth contracts	2026-09-30T23:27:55.4226289Z E     - 154b5c88a739e3331615976a1497621bbfd6fa79afec215543356b98daf51698
Fast Contract	Run focused CENSOR truth contracts	2026-09-30T23:27:55.4226965Z E     + 47d3eceb024097448855feddd1b0df3f135d0ebbed09eef5c9c73310890b181e
Fast Contract	Run focused CENSOR truth contracts	2026-09-30T23:27:55.4227836Z =========================== short test summary info ============================
Fast Contract	Run focused CENSOR truth contracts	2026-09-30T23:27:55.4229182Z FAILED tests/test_nephele_fixture_contracts.py::test_fixture_manifest_hashes_every_input_and_masks_regenerate - AssertionError: assert '47d3eceb0240...73310890b181e' == '154b5c88a739...56b98daf51698'
Fast Contract	Run focused CENSOR truth contracts	2026-09-30T23:27:55.4230352Z   
Fast Contract	Run focused CENSOR truth contracts	2026-09-30T23:27:55.4230762Z   - 154b5c88a739e3331615976a1497621bbfd6fa79afec215543356b98daf51698
Fast Contract	Run focused CENSOR truth contracts	2026-09-30T23:27:55.4231445Z   + 47d3eceb024097448855feddd1b0df3f135d0ebbed09eef5c9c73310890b181e
Fast Contract	Run focused CENSOR truth contracts	2026-09-30T23:27:55.4232140Z ===== 1 failed, 588 passed, 28 skipped, 1 deselected in 235.48s (0:03:55) ======
Fast Contract	Run focused CENSOR truth contracts	2026-09-30T23:27:55.4830903Z ##[error]SED [ 96%]
Fast Contract	Run focused CENSOR truth contracts	tests/test_substratia_evidence_report.py::test_artifact_golden_must_be_candidate_tracked_bytes PASSED [ 96%]
Fast Contract	Run focused CENSOR truth contracts	tests/test_substratia_evidence_report.py::test_noncanonical_golden_filename_is_rejected PASSED [ 96%]
Fast Contract	Run focused CENSOR truth contracts	tests/test_substratia_evidence_report.py::test_declared_image_metrics_are_recomputed PASSED [ 97%]
Fast Contract	Run focused CENSOR truth contracts	tests/test_substratia_evidence_report.py::test_declared_rgba_hash_is_recomputed_from_decoded_pixels PASSED [ 97%]
Fast Contract	Run focused CENSOR truth contracts	tests/test_substratia_evidence_report.py::test_actual_image_cannot_be_replaced_while_keeping_claimed_hash PASSED [ 97%]
Fast Contract	Run focused CENSOR truth contracts	tests/test_substratia_evidence_report.py::test_junit_requires_each_core_test_to_pass[failure] PASSED [ 97%]
Fast Contract	Run focused CENSOR truth contracts	tests/test_substratia_evidence_report.py::test_junit_requires_each_core_test_to_pass[error] PASSED [ 97%]
Fast Contract	Run focused CENSOR truth contracts	tests/test_substratia_evidence_report.py::test_junit_requires_each_core_test_to_pass[skipped] PASSED [ 97%]
Fast Contract	Run focused CENSOR truth contracts	tests/test_substratia_evidence_report.py::test_junit_requires_all_four_exact_core_tests PASSED [ 98%]
Fast Contract	Run focused CENSOR truth contracts	tests/test_substratia_evidence_report.py::test_non_image_claims_have_hard_negative_controls[zero_family-no resident bytes] PASSED [ 98%]
Fast Contract	Run focused CENSOR truth contracts	tests/test_substratia_evidence_report.py::test_non_image_claims_have_hard_negative_controls[family_over_budget-exceeds its family budget] PASSED [ 98%]
Fast Contract	Run focused CENSOR truth contracts	tests/test_substratia_evidence_report.py::test_non_image_claims_have_hard_negative_controls[total_over_budget-512 MiB] PASSED [ 98%]
Fast Contract	Run focused CENSOR truth contracts	tests/test_substratia_evidence_report.py::test_non_image_claims_have_hard_negative_controls[missing_not_fatal-fatal diagnostic] PASSED [ 98%]
Fast Contract	Run focused CENSOR truth contracts	tests/test_substratia_evidence_report.py::test_non_image_claims_have_hard_negative_controls[partial_corrupt-fallback is corrupted] PASSED [ 98%]
Fast Contract	Run focused CENSOR truth contracts	tests/test_substratia_evidence_report.py::test_failed_verification_never_writes_ran_or_pass_markers PASSED [ 99%]
Fast Contract	Run focused CENSOR truth contracts	tests/test_orbis_task6_contracts.py::test_geographic_root_leaf_and_overview_selection PASSED [ 99%]
Fast Contract	Run focused CENSOR truth contracts	tests/test_orbis_task6_contracts.py::test_projected_cog_maps_global_tile_through_source_crs PASSED [ 99%]
Fast Contract	Run focused CENSOR truth contracts	tests/test_orbis_task6_contracts.py::test_rotated_utm_bounds_retain_densified_edge_extrema PASSED [ 99%]
Fast Contract	Run focused CENSOR truth contracts	tests/test_orbis_task6_contracts.py::test_throttled_remote_cog_runtime_keeps_io_driven SKIPPED [ 99%]
Fast Contract	Run focused CENSOR truth contracts	tests/test_orbis_task6_contracts.py::test_missing_geotiff_crs_is_an_explicit_open_error PASSED [ 99%]
Fast Contract	Run focused CENSOR truth contracts	tests/test_orbis_task6_contracts.py::test_cog_streaming_flat_and_globe_apis_are_explicit_and_unclamped PASSED [100%]
Fast Contract	Run focused CENSOR truth contracts	
Fast Contract	Run focused CENSOR truth contracts	=================================== FAILURES ===================================
Fast Contract	Run focused CENSOR truth contracts	________ test_fixture_manifest_hashes_every_input_and_masks_regenerate _________
Fast Contract	Run focused CENSOR truth contracts	tests/test_nephele_fixture_contracts.py:434: in test_fixture_manifest_hashes_every_input_and_masks_regenerate
Fast Contract	Run focused CENSOR truth contracts	    assert expected == _hash(ROOT / relative)
Fast Contract	Run focused CENSOR truth contracts	E   AssertionError: assert '47d3eceb0240...73310890b181e' == '154b5c88a739...56b98daf51698'
Fast Contract	Run focused CENSOR truth contracts	E     
Fast Contract	Run focused CENSOR truth contracts	E     - 154b5c88a739e3331615976a1497621bbfd6fa79afec215543356b98daf51698
Fast Contract	Run focused CENSOR truth contracts	E     + 47d3eceb024097448855feddd1b0df3f135d0ebbed09eef5c9c73310890b181e
Fast Contract	Run focused CENSOR truth contracts	=========================== short test summary info ============================
Fast Contract	Run focused CENSOR truth contracts	FAILED tests/test_nephele_fixture_contracts.py::test_fixture_manifest_hashes_every_input_and_masks_regenerate - AssertionError: assert '47d3eceb0240...73310890b181e' == '154b5c88a739...56b98daf51698'
Fast Contract	Run focused CENSOR truth contracts	  
Fast Contract	Run focused CENSOR truth contracts	  - 154b5c88a739e3331615976a1497621bbfd6fa79afec215543356b98daf51698
Fast Contract	Run focused CENSOR truth contracts	  + 47d3eceb024097448855feddd1b0df3f135d0ebbed09eef5c9c73310890b181e
Fast Contract	Run focused CENSOR truth contracts	===== 1 failed, 588 passed, 28 skipped, 1 deselected in 235.48s (0:03:55) ======
Fast Contract	Run focused CENSOR truth contracts	2026-09-30T23:27:55.4869715Z ##[error]Process completed with exit code 1.
